packet_size,timestamp,protocol,ip_src,ip_dst,transport,tls_version,tcp_seq,tcp_ack,tcp_window,tcp_flags,tls_handshake_type,tls_cipher_suite,flow_size,flow_volume,inter_packet_time
1285.0,1741014889.604598,DATA,192.168.20.132,216.58.206.78,UDP,Unknown,1832.0,1832.0,131072.0,16.0,Unknown,Unknown,1285.0,1.0,0.007310152053833008
1292.0,1741014889.604747,DATA,192.168.20.132,216.58.206.78,UDP,Unknown,1832.0,1832.0,131072.0,16.0,Unknown,Unknown,2577.0,2.0,0.00014901161193847656
895.0,1741014889.604783,DATA,192.168.20.132,216.58.206.78,UDP,Unknown,1832.0,1832.0,131072.0,16.0,Unknown,Unknown,3472.0,3.0,3.600120544433594e-05
1285.0,1741014889.612348,DATA,192.168.20.132,216.58.206.78,UDP,Unknown,1832.0,1832.0,131072.0,16.0,Unknown,Unknown,4757.0,4.0,0.007565021514892578
1292.0,1741014889.612474,DATA,192.168.20.132,216.58.206.78,UDP,Unknown,1832.0,1832.0,131072.0,16.0,Unknown,Unknown,6049.0,5.0,0.000125885009765625
542.0,1741014889.612588,DATA,192.168.20.132,216.58.206.78,UDP,Unknown,1832.0,1832.0,131072.0,16.0,Unknown,Unknown,6591.0,6.0,0.00011396408081054688
1285.0,1741014889.61374,DATA,192.168.20.132,216.58.206.78,UDP,Unknown,1832.0,1832.0,131072.0,16.0,Unknown,Unknown,7876.0,7.0,0.00115203857421875
1292.0,1741014889.613835,DATA,192.168.20.132,216.58.206.78,UDP,Unknown,1832.0,1832.0,131072.0,16.0,Unknown,Unknown,9168.0,8.0,9.512901306152344e-05
633.0,1741014889.613878,DATA,192.168.20.132,216.58.206.78,UDP,Unknown,1832.0,1832.0,131072.0,16.0,Unknown,Unknown,9801.0,9.0,4.291534423828125e-05
1285.0,1741014889.6155,DATA,192.168.20.132,216.58.206.78,UDP,Unknown,1832.0,1832.0,131072.0,16.0,Unknown,Unknown,11086.0,10.0,0.0016219615936279297
1292.0,1741014889.61559,DATA,192.168.20.132,216.58.206.78,UDP,Unknown,1832.0,1832.0,131072.0,16.0,Unknown,Unknown,12378.0,11.0,9.012222290039062e-05
1025.0,1741014889.615696,DATA,192.168.20.132,216.58.206.78,UDP,Unknown,1832.0,1832.0,131072.0,16.0,Unknown,Unknown,13403.0,12.0,0.00010585784912109375
733.0,1741014889.62305,DATA,192.168.20.132,216.58.206.78,UDP,Unknown,1832.0,1832.0,131072.0,16.0,Unknown,Unknown,14136.0,13.0,0.007354021072387695
84.0,1741014889.683327,DATA,216.58.206.78,192.168.20.132,UDP,Unknown,1832.0,1832.0,131072.0,16.0,Unknown,Unknown,84.0,1.0,0.007310152053833008
73.0,1741014889.697169,DATA,216.58.206.78,192.168.20.132,UDP,Unknown,1832.0,1832.0,131072.0,16.0,Unknown,Unknown,157.0,2.0,0.013842105865478516
75.0,1741014889.700779,DATA,192.168.20.132,216.58.206.78,UDP,Unknown,1832.0,1832.0,131072.0,16.0,Unknown,Unknown,14211.0,14.0,0.0777289867401123
727.0,1741014889.719326,DATA,216.58.206.78,192.168.20.132,UDP,Unknown,1832.0,1832.0,131072.0,16.0,Unknown,Unknown,884.0,3.0,0.022156953811645508
89.0,1741014889.721427,DATA,216.58.206.78,192.168.20.132,UDP,Unknown,1832.0,1832.0,131072.0,16.0,Unknown,Unknown,973.0,4.0,0.0021009445190429688
680.0,1741014889.723136,DATA,216.58.206.78,192.168.20.132,UDP,Unknown,1832.0,1832.0,131072.0,16.0,Unknown,Unknown,1653.0,5.0,0.001708984375
98.0,1741014889.723136,DATA,216.58.206.78,192.168.20.132,UDP,Unknown,1832.0,1832.0,131072.0,16.0,Unknown,Unknown,1751.0,6.0,0.0
685.0,1741014889.725727,DATA,216.58.206.78,192.168.20.132,UDP,Unknown,1832.0,1832.0,131072.0,16.0,Unknown,Unknown,2436.0,7.0,0.0025911331176757812
119.0,1741014889.727305,DATA,216.58.206.78,192.168.20.132,UDP,Unknown,1832.0,1832.0,131072.0,16.0,Unknown,Unknown,2555.0,8.0,0.0015778541564941406
683.0,1741014889.727305,DATA,216.58.206.78,192.168.20.132,UDP,Unknown,1832.0,1832.0,131072.0,16.0,Unknown,Unknown,3238.0,9.0,0.0
214.0,1741014889.727305,DATA,216.58.206.78,192.168.20.132,UDP,Unknown,1832.0,1832.0,131072.0,16.0,Unknown,Unknown,3452.0,10.0,0.0
687.0,1741014889.728782,DATA,216.58.206.78,192.168.20.132,UDP,Unknown,1832.0,1832.0,131072.0,16.0,Unknown,Unknown,4139.0,11.0,0.0014770030975341797
316.0,1741014889.730771,DATA,216.58.206.78,192.168.20.132,UDP,Unknown,1832.0,1832.0,131072.0,16.0,Unknown,Unknown,4455.0,12.0,0.001989126205444336
87.0,1741014889.731435,DATA,192.168.20.132,216.58.206.78,UDP,Unknown,1832.0,1832.0,131072.0,16.0,Unknown,Unknown,14298.0,15.0,0.030656099319458008
68.0,1741014889.805905,DATA,216.58.206.78,192.168.20.132,UDP,Unknown,1832.0,1832.0,131072.0,16.0,Unknown,Unknown,4523.0,13.0,0.0751340389251709
1285.0,1741014891.35892,DATA,192.168.20.132,216.58.206.78,UDP,Unknown,1832.0,1832.0,131072.0,16.0,Unknown,Unknown,15583.0,16.0,1.6274850368499756
1292.0,1741014891.36109,DATA,192.168.20.132,216.58.206.78,UDP,Unknown,1832.0,1832.0,131072.0,16.0,Unknown,Unknown,16875.0,17.0,0.0021698474884033203
1292.0,1741014891.361177,DATA,192.168.20.132,216.58.206.78,UDP,Unknown,1832.0,1832.0,131072.0,16.0,Unknown,Unknown,18167.0,18.0,8.702278137207031e-05
1292.0,1741014891.361229,DATA,192.168.20.132,216.58.206.78,UDP,Unknown,1832.0,1832.0,131072.0,16.0,Unknown,Unknown,19459.0,19.0,5.1975250244140625e-05
1292.0,1741014891.361267,DATA,192.168.20.132,216.58.206.78,UDP,Unknown,1832.0,1832.0,131072.0,16.0,Unknown,Unknown,20751.0,20.0,3.814697265625e-05
1292.0,1741014891.361306,DATA,192.168.20.132,216.58.206.78,UDP,Unknown,1832.0,1832.0,131072.0,16.0,Unknown,Unknown,22043.0,21.0,3.886222839355469e-05
1292.0,1741014891.36133,DATA,192.168.20.132,216.58.206.78,UDP,Unknown,1832.0,1832.0,131072.0,16.0,Unknown,Unknown,23335.0,22.0,2.4080276489257812e-05
1292.0,1741014891.361354,DATA,192.168.20.132,216.58.206.78,UDP,Unknown,1832.0,1832.0,131072.0,16.0,Unknown,Unknown,24627.0,23.0,2.4080276489257812e-05
1292.0,1741014891.361377,DATA,192.168.20.132,216.58.206.78,UDP,Unknown,1832.0,1832.0,131072.0,16.0,Unknown,Unknown,25919.0,24.0,2.288818359375e-05
1292.0,1741014891.361396,DATA,192.168.20.132,216.58.206.78,UDP,Unknown,1832.0,1832.0,131072.0,16.0,Unknown,Unknown,27211.0,25.0,1.9073486328125e-05
1292.0,1741014891.361423,DATA,192.168.20.132,216.58.206.78,UDP,Unknown,1832.0,1832.0,131072.0,16.0,Unknown,Unknown,28503.0,26.0,2.6941299438476562e-05
676.0,1741014891.361515,DATA,192.168.20.132,216.58.206.78,UDP,Unknown,1832.0,1832.0,131072.0,16.0,Unknown,Unknown,29179.0,27.0,9.202957153320312e-05
306.0,1741014891.380313,DATA,192.168.20.132,172.64.41.3,UDP,Unknown,1832.0,1832.0,131072.0,16.0,Unknown,Unknown,306.0,1.0,0.007310152053833008
307.0,1741014891.38082,DATA,192.168.20.132,172.64.41.3,UDP,Unknown,1832.0,1832.0,131072.0,16.0,Unknown,Unknown,613.0,2.0,0.0005071163177490234
72.0,1741014891.432129,DATA,216.58.206.78,192.168.20.132,UDP,Unknown,1832.0,1832.0,131072.0,16.0,Unknown,Unknown,4595.0,14.0,1.6262238025665283
66.0,1741014891.442255,DATA,172.64.41.3,192.168.20.132,UDP,Unknown,1832.0,1832.0,131072.0,16.0,Unknown,Unknown,66.0,1.0,0.007310152053833008
626.0,1741014891.443709,DATA,172.64.41.3,192.168.20.132,UDP,Unknown,1832.0,1832.0,131072.0,16.0,Unknown,Unknown,692.0,2.0,0.0014538764953613281
626.0,1741014891.443709,DATA,172.64.41.3,192.168.20.132,UDP,Unknown,1832.0,1832.0,131072.0,16.0,Unknown,Unknown,1318.0,3.0,0.0
85.0,1741014891.444166,DATA,192.168.20.132,172.64.41.3,UDP,Unknown,1832.0,1832.0,131072.0,16.0,Unknown,Unknown,698.0,3.0,0.06334590911865234
68.0,1741014891.446692,DATA,216.58.206.78,192.168.20.132,UDP,Unknown,1832.0,1832.0,131072.0,16.0,Unknown,Unknown,4663.0,15.0,0.01456308364868164
75.0,1741014891.448478,DATA,192.168.20.132,216.58.206.78,UDP,Unknown,1832.0,1832.0,131072.0,16.0,Unknown,Unknown,29254.0,28.0,0.08696293830871582
738.0,1741014891.483599,DATA,216.58.206.78,192.168.20.132,UDP,Unknown,1832.0,1832.0,131072.0,16.0,Unknown,Unknown,5401.0,16.0,0.03690695762634277
271.0,1741014891.483599,DATA,216.58.206.78,192.168.20.132,UDP,Unknown,1832.0,1832.0,131072.0,16.0,Unknown,Unknown,5672.0,17.0,0.0
80.0,1741014891.504564,DATA,192.168.20.132,216.58.206.78,UDP,Unknown,1832.0,1832.0,131072.0,16.0,Unknown,Unknown,29334.0,29.0,0.056086063385009766
68.0,1741014891.578918,DATA,216.58.206.78,192.168.20.132,UDP,Unknown,1832.0,1832.0,131072.0,16.0,Unknown,Unknown,5740.0,18.0,0.09531903266906738
307.0,1741014893.595068,DATA,192.168.20.132,172.64.41.3,UDP,Unknown,1832.0,1832.0,131072.0,16.0,Unknown,Unknown,1005.0,4.0,2.150902032852173
307.0,1741014893.595333,DATA,192.168.20.132,172.64.41.3,UDP,Unknown,1832.0,1832.0,131072.0,16.0,Unknown,Unknown,1312.0,5.0,0.0002651214599609375
66.0,1741014893.654739,DATA,172.64.41.3,192.168.20.132,UDP,Unknown,1832.0,1832.0,131072.0,16.0,Unknown,Unknown,1384.0,4.0,2.2110300064086914
66.0,1741014893.655482,DATA,172.64.41.3,192.168.20.132,UDP,Unknown,1832.0,1832.0,131072.0,16.0,Unknown,Unknown,1450.0,5.0,0.0007431507110595703
625.0,1741014893.655907,DATA,172.64.41.3,192.168.20.132,UDP,Unknown,1832.0,1832.0,131072.0,16.0,Unknown,Unknown,2075.0,6.0,0.0004248619079589844
625.0,1741014893.655907,DATA,172.64.41.3,192.168.20.132,UDP,Unknown,1832.0,1832.0,131072.0,16.0,Unknown,Unknown,2700.0,7.0,0.0
85.0,1741014893.656377,DATA,192.168.20.132,172.64.41.3,UDP,Unknown,1832.0,1832.0,131072.0,16.0,Unknown,Unknown,1397.0,6.0,0.06104397773742676
307.0,1741014894.592503,DATA,192.168.20.132,172.64.41.3,UDP,Unknown,1832.0,1832.0,131072.0,16.0,Unknown,Unknown,1704.0,7.0,0.9361259937286377
307.0,1741014894.592766,DATA,192.168.20.132,172.64.41.3,UDP,Unknown,1832.0,1832.0,131072.0,16.0,Unknown,Unknown,2011.0,8.0,0.00026297569274902344
65.0,1741014894.653339,DATA,172.64.41.3,192.168.20.132,UDP,Unknown,1832.0,1832.0,131072.0,16.0,Unknown,Unknown,2765.0,8.0,0.9974319934844971
625.0,1741014894.654072,DATA,172.64.41.3,192.168.20.132,UDP,Unknown,1832.0,1832.0,131072.0,16.0,Unknown,Unknown,3390.0,9.0,0.0007331371307373047
626.0,1741014894.654907,DATA,172.64.41.3,192.168.20.132,UDP,Unknown,1832.0,1832.0,131072.0,16.0,Unknown,Unknown,4016.0,10.0,0.0008349418640136719
85.0,1741014894.655233,DATA,192.168.20.132,172.64.41.3,UDP,Unknown,1832.0,1832.0,131072.0,16.0,Unknown,Unknown,2096.0,9.0,0.06246685981750488
1292.0,1741014894.657058,QUIC,192.168.20.132,216.58.206.78,UDP,Unknown,1832.0,1832.0,131072.0,16.0,Unknown,Unknown,1292.0,1.0,0.007310152053833008
1292.0,1741014894.657424,QUIC,192.168.20.132,216.58.206.78,UDP,Unknown,1832.0,1832.0,131072.0,16.0,Unknown,Unknown,2584.0,2.0,0.00036597251892089844
118.0,1741014894.657787,HTTP3,192.168.20.132,216.58.206.78,UDP,Unknown,1832.0,1832.0,131072.0,16.0,Unknown,Unknown,2702.0,3.0,0.0003631114959716797
82.0,1741014894.716216,QUIC,216.58.206.78,192.168.20.132,UDP,Unknown,1832.0,1832.0,131072.0,16.0,Unknown,Unknown,82.0,1.0,0.007310152053833008
1292.0,1741014894.716216,QUIC,216.58.206.78,192.168.20.132,UDP,Unknown,1832.0,1832.0,131072.0,16.0,Unknown,Unknown,1374.0,2.0,0.0
1292.0,1741014894.724151,QUIC,216.58.206.78,192.168.20.132,UDP,Unknown,1832.0,1832.0,131072.0,16.0,Unknown,Unknown,2666.0,3.0,0.007934808731079102
336.0,1741014894.724151,HTTP3,216.58.206.78,192.168.20.132,UDP,Unknown,1832.0,1832.0,131072.0,16.0,Unknown,Unknown,3002.0,4.0,0.0
672.0,1741014894.724151,QUIC,216.58.206.78,192.168.20.132,UDP,Unknown,1832.0,1832.0,131072.0,16.0,Unknown,Unknown,3674.0,5.0,0.0
120.0,1741014894.725545,QUIC,192.168.20.132,216.58.206.78,UDP,Unknown,1832.0,1832.0,131072.0,16.0,Unknown,Unknown,2822.0,4.0,0.06775784492492676
73.0,1741014894.725722,QUIC,192.168.20.132,216.58.206.78,UDP,Unknown,1832.0,1832.0,131072.0,16.0,Unknown,Unknown,2895.0,5.0,0.00017714500427246094
1288.0,1741014894.726126,HTTP3,192.168.20.132,216.58.206.78,UDP,Unknown,1832.0,1832.0,131072.0,16.0,Unknown,Unknown,4183.0,6.0,0.0004038810729980469
1292.0,1741014894.726215,HTTP3,192.168.20.132,216.58.206.78,UDP,Unknown,1832.0,1832.0,131072.0,16.0,Unknown,Unknown,5475.0,7.0,8.893013000488281e-05
673.0,1741014894.726248,HTTP3,192.168.20.132,216.58.206.78,UDP,Unknown,1832.0,1832.0,131072.0,16.0,Unknown,Unknown,6148.0,8.0,3.314018249511719e-05
67.0,1741014894.741996,QUIC,216.58.206.78,192.168.20.132,UDP,Unknown,1832.0,1832.0,131072.0,16.0,Unknown,Unknown,3741.0,6.0,0.01784515380859375
162.0,1741014894.78351,QUIC,216.58.206.78,192.168.20.132,UDP,Unknown,1832.0,1832.0,131072.0,16.0,Unknown,Unknown,3903.0,7.0,0.041513919830322266
67.0,1741014894.784494,QUIC,216.58.206.78,192.168.20.132,UDP,Unknown,1832.0,1832.0,131072.0,16.0,Unknown,Unknown,3970.0,8.0,0.0009839534759521484
67.0,1741014894.784494,QUIC,216.58.206.78,192.168.20.132,UDP,Unknown,1832.0,1832.0,131072.0,16.0,Unknown,Unknown,4037.0,9.0,0.0
71.0,1741014894.785422,HTTP3,216.58.206.78,192.168.20.132,UDP,Unknown,1832.0,1832.0,131072.0,16.0,Unknown,Unknown,4108.0,10.0,0.0009281635284423828
74.0,1741014894.785784,QUIC,192.168.20.132,216.58.206.78,UDP,Unknown,1832.0,1832.0,131072.0,16.0,Unknown,Unknown,6222.0,9.0,0.059535980224609375
891.0,1741014894.824777,HTTP3,216.58.206.78,192.168.20.132,UDP,Unknown,1832.0,1832.0,131072.0,16.0,Unknown,Unknown,4999.0,11.0,0.039354801177978516
320.0,1741014894.824777,QUIC,216.58.206.78,192.168.20.132,UDP,Unknown,1832.0,1832.0,131072.0,16.0,Unknown,Unknown,5319.0,12.0,0.0
77.0,1741014894.825548,HTTP3,192.168.20.132,216.58.206.78,UDP,Unknown,1832.0,1832.0,131072.0,16.0,Unknown,Unknown,6299.0,10.0,0.0397639274597168
66.0,1741014894.910153,QUIC,216.58.206.78,192.168.20.132,UDP,Unknown,1832.0,1832.0,131072.0,16.0,Unknown,Unknown,5385.0,13.0,0.08537602424621582
307.0,1741014895.588203,DATA,192.168.20.132,172.64.41.3,UDP,Unknown,1832.0,1832.0,131072.0,16.0,Unknown,Unknown,2403.0,10.0,0.9329700469970703
307.0,1741014895.588363,DATA,192.168.20.132,172.64.41.3,UDP,Unknown,1832.0,1832.0,131072.0,16.0,Unknown,Unknown,2710.0,11.0,0.00015997886657714844
66.0,1741014895.647954,DATA,172.64.41.3,192.168.20.132,UDP,Unknown,1832.0,1832.0,131072.0,16.0,Unknown,Unknown,4082.0,11.0,0.9930469989776611
626.0,1741014895.647954,DATA,172.64.41.3,192.168.20.132,UDP,Unknown,1832.0,1832.0,131072.0,16.0,Unknown,Unknown,4708.0,12.0,0.0
65.0,1741014895.647954,DATA,172.64.41.3,192.168.20.132,UDP,Unknown,1832.0,1832.0,131072.0,16.0,Unknown,Unknown,4773.0,13.0,0.0
626.0,1741014895.650177,DATA,172.64.41.3,192.168.20.132,UDP,Unknown,1832.0,1832.0,131072.0,16.0,Unknown,Unknown,5399.0,14.0,0.0022230148315429688
85.0,1741014895.651086,DATA,192.168.20.132,172.64.41.3,UDP,Unknown,1832.0,1832.0,131072.0,16.0,Unknown,Unknown,2795.0,12.0,0.06272315979003906
298.0,1741014895.754158,DATA,192.168.20.132,172.64.41.3,UDP,Unknown,1832.0,1832.0,131072.0,16.0,Unknown,Unknown,3093.0,13.0,0.10307192802429199
298.0,1741014895.754288,DATA,192.168.20.132,172.64.41.3,UDP,Unknown,1832.0,1832.0,131072.0,16.0,Unknown,Unknown,3391.0,14.0,0.00012993812561035156
66.0,1741014895.813928,DATA,172.64.41.3,192.168.20.132,UDP,Unknown,1832.0,1832.0,131072.0,16.0,Unknown,Unknown,5465.0,15.0,0.16375088691711426
66.0,1741014895.815277,DATA,172.64.41.3,192.168.20.132,UDP,Unknown,1832.0,1832.0,131072.0,16.0,Unknown,Unknown,5531.0,16.0,0.0013492107391357422
626.0,1741014895.815488,DATA,172.64.41.3,192.168.20.132,UDP,Unknown,1832.0,1832.0,131072.0,16.0,Unknown,Unknown,6157.0,17.0,0.0002110004425048828
626.0,1741014895.817103,DATA,172.64.41.3,192.168.20.132,UDP,Unknown,1832.0,1832.0,131072.0,16.0,Unknown,Unknown,6783.0,18.0,0.0016148090362548828
85.0,1741014895.81755,DATA,192.168.20.132,172.64.41.3,UDP,Unknown,1832.0,1832.0,131072.0,16.0,Unknown,Unknown,3476.0,15.0,0.0632619857788086
298.0,1741014895.82486,DATA,192.168.20.132,172.64.41.3,UDP,Unknown,1832.0,1832.0,131072.0,16.0,Unknown,Unknown,3774.0,16.0,0.007310152053833008
298.0,1741014895.825242,DATA,192.168.20.132,172.64.41.3,UDP,Unknown,1832.0,1832.0,131072.0,16.0,Unknown,Unknown,4072.0,17.0,0.0003819465637207031
307.0,1741014895.869254,DATA,192.168.20.132,172.64.41.3,UDP,Unknown,1832.0,1832.0,131072.0,16.0,Unknown,Unknown,4379.0,18.0,0.04401206970214844
307.0,1741014895.870977,DATA,192.168.20.132,172.64.41.3,UDP,Unknown,1832.0,1832.0,131072.0,16.0,Unknown,Unknown,4686.0,19.0,0.0017228126525878906
65.0,1741014895.885021,DATA,172.64.41.3,192.168.20.132,UDP,Unknown,1832.0,1832.0,131072.0,16.0,Unknown,Unknown,6848.0,19.0,0.06791806221008301
626.0,1741014895.886333,DATA,172.64.41.3,192.168.20.132,UDP,Unknown,1832.0,1832.0,131072.0,16.0,Unknown,Unknown,7474.0,20.0,0.0013120174407958984
626.0,1741014895.894625,DATA,172.64.41.3,192.168.20.132,UDP,Unknown,1832.0,1832.0,131072.0,16.0,Unknown,Unknown,8100.0,21.0,0.008291959762573242
85.0,1741014895.894954,DATA,192.168.20.132,172.64.41.3,UDP,Unknown,1832.0,1832.0,131072.0,16.0,Unknown,Unknown,4771.0,20.0,0.023977041244506836
66.0,1741014895.928782,DATA,172.64.41.3,192.168.20.132,UDP,Unknown,1832.0,1832.0,131072.0,16.0,Unknown,Unknown,8166.0,22.0,0.03415703773498535
626.0,1741014895.929461,DATA,172.64.41.3,192.168.20.132,UDP,Unknown,1832.0,1832.0,131072.0,16.0,Unknown,Unknown,8792.0,23.0,0.00067901611328125
65.0,1741014895.930144,DATA,172.64.41.3,192.168.20.132,UDP,Unknown,1832.0,1832.0,131072.0,16.0,Unknown,Unknown,8857.0,24.0,0.0006830692291259766
626.0,1741014895.931441,DATA,172.64.41.3,192.168.20.132,UDP,Unknown,1832.0,1832.0,131072.0,16.0,Unknown,Unknown,9483.0,25.0,0.0012969970703125
85.0,1741014895.931949,DATA,192.168.20.132,172.64.41.3,UDP,Unknown,1832.0,1832.0,131072.0,16.0,Unknown,Unknown,4856.0,21.0,0.03699493408203125
309.0,1741014896.285136,DATA,192.168.20.132,172.64.41.3,UDP,Unknown,1832.0,1832.0,131072.0,16.0,Unknown,Unknown,5165.0,22.0,0.35318708419799805
309.0,1741014896.285377,DATA,192.168.20.132,172.64.41.3,UDP,Unknown,1832.0,1832.0,131072.0,16.0,Unknown,Unknown,5474.0,23.0,0.0002410411834716797
66.0,1741014896.344913,DATA,172.64.41.3,192.168.20.132,UDP,Unknown,1832.0,1832.0,131072.0,16.0,Unknown,Unknown,9549.0,26.0,0.41347193717956543
65.0,1741014896.345052,DATA,172.64.41.3,192.168.20.132,UDP,Unknown,1832.0,1832.0,131072.0,16.0,Unknown,Unknown,9614.0,27.0,0.00013899803161621094
627.0,1741014896.345621,DATA,172.64.41.3,192.168.20.132,UDP,Unknown,1832.0,1832.0,131072.0,16.0,Unknown,Unknown,10241.0,28.0,0.0005691051483154297
627.0,1741014896.345621,DATA,172.64.41.3,192.168.20.132,UDP,Unknown,1832.0,1832.0,131072.0,16.0,Unknown,Unknown,10868.0,29.0,0.0
85.0,1741014896.346337,DATA,192.168.20.132,172.64.41.3,UDP,Unknown,1832.0,1832.0,131072.0,16.0,Unknown,Unknown,5559.0,24.0,0.06096005439758301
1285.0,1741014896.871234,DATA,192.168.20.132,216.58.206.78,UDP,Unknown,1832.0,1832.0,131072.0,16.0,Unknown,Unknown,30619.0,30.0,5.3666698932647705
430.0,1741014896.871313,DATA,192.168.20.132,216.58.206.78,UDP,Unknown,1832.0,1832.0,131072.0,16.0,Unknown,Unknown,31049.0,31.0,7.915496826171875e-05
73.0,1741014896.968207,DATA,216.58.206.78,192.168.20.132,UDP,Unknown,1832.0,1832.0,131072.0,16.0,Unknown,Unknown,5813.0,19.0,5.389288902282715
75.0,1741014896.986544,DATA,192.168.20.132,216.58.206.78,UDP,Unknown,1832.0,1832.0,131072.0,16.0,Unknown,Unknown,31124.0,32.0,0.11523079872131348
753.0,1741014896.991892,DATA,216.58.206.78,192.168.20.132,UDP,Unknown,1832.0,1832.0,131072.0,16.0,Unknown,Unknown,6566.0,20.0,0.023685216903686523
264.0,1741014896.991892,DATA,216.58.206.78,192.168.20.132,UDP,Unknown,1832.0,1832.0,131072.0,16.0,Unknown,Unknown,6830.0,21.0,0.0
80.0,1741014897.010849,DATA,192.168.20.132,216.58.206.78,UDP,Unknown,1832.0,1832.0,131072.0,16.0,Unknown,Unknown,31204.0,33.0,0.024305105209350586
68.0,1741014897.085483,DATA,216.58.206.78,192.168.20.132,UDP,Unknown,1832.0,1832.0,131072.0,16.0,Unknown,Unknown,6898.0,22.0,0.09359097480773926
1288.0,1741014898.918721,HTTP3,192.168.20.132,216.58.206.78,UDP,Unknown,1832.0,1832.0,131072.0,16.0,Unknown,Unknown,7587.0,11.0,4.093173027038574
207.0,1741014898.918798,HTTP3,192.168.20.132,216.58.206.78,UDP,Unknown,1832.0,1832.0,131072.0,16.0,Unknown,Unknown,7794.0,12.0,7.700920104980469e-05
1288.0,1741014899.024476,HTTP3,192.168.20.132,216.58.206.78,UDP,Unknown,1832.0,1832.0,131072.0,16.0,Unknown,Unknown,9082.0,13.0,0.10567808151245117
69.0,1741014899.043899,HTTP3,216.58.206.78,192.168.20.132,UDP,Unknown,1832.0,1832.0,131072.0,16.0,Unknown,Unknown,5454.0,14.0,4.133746147155762
715.0,1741014899.043899,HTTP3,216.58.206.78,192.168.20.132,UDP,Unknown,1832.0,1832.0,131072.0,16.0,Unknown,Unknown,6169.0,15.0,0.0
187.0,1741014899.043899,QUIC,216.58.206.78,192.168.20.132,UDP,Unknown,1832.0,1832.0,131072.0,16.0,Unknown,Unknown,6356.0,16.0,0.0
77.0,1741014899.044657,HTTP3,192.168.20.132,216.58.206.78,UDP,Unknown,1832.0,1832.0,131072.0,16.0,Unknown,Unknown,9159.0,14.0,0.020180940628051758
74.0,1741014899.073679,QUIC,192.168.20.132,216.58.206.78,UDP,Unknown,1832.0,1832.0,131072.0,16.0,Unknown,Unknown,9233.0,15.0,0.0290219783782959
67.0,1741014899.099493,QUIC,216.58.206.78,192.168.20.132,UDP,Unknown,1832.0,1832.0,131072.0,16.0,Unknown,Unknown,6423.0,17.0,0.05559396743774414
67.0,1741014899.102311,QUIC,216.58.206.78,192.168.20.132,UDP,Unknown,1832.0,1832.0,131072.0,16.0,Unknown,Unknown,6490.0,18.0,0.002817869186401367
309.0,1741014900.114829,DATA,192.168.20.132,172.64.41.3,UDP,Unknown,1832.0,1832.0,131072.0,16.0,Unknown,Unknown,5868.0,25.0,3.7684919834136963
309.0,1741014900.120226,DATA,192.168.20.132,172.64.41.3,UDP,Unknown,1832.0,1832.0,131072.0,16.0,Unknown,Unknown,6177.0,26.0,0.005396842956542969
65.0,1741014900.192011,DATA,172.64.41.3,192.168.20.132,UDP,Unknown,1832.0,1832.0,131072.0,16.0,Unknown,Unknown,10933.0,30.0,3.8463900089263916
627.0,1741014900.192011,DATA,172.64.41.3,192.168.20.132,UDP,Unknown,1832.0,1832.0,131072.0,16.0,Unknown,Unknown,11560.0,31.0,0.0
627.0,1741014900.192011,DATA,172.64.41.3,192.168.20.132,UDP,Unknown,1832.0,1832.0,131072.0,16.0,Unknown,Unknown,12187.0,32.0,0.0
85.0,1741014900.192796,DATA,192.168.20.132,172.64.41.3,UDP,Unknown,1832.0,1832.0,131072.0,16.0,Unknown,Unknown,6262.0,27.0,0.0725700855255127
309.0,1741014901.204204,DATA,192.168.20.132,172.64.41.3,UDP,Unknown,1832.0,1832.0,131072.0,16.0,Unknown,Unknown,6571.0,28.0,1.0114080905914307
309.0,1741014901.204675,DATA,192.168.20.132,172.64.41.3,UDP,Unknown,1832.0,1832.0,131072.0,16.0,Unknown,Unknown,6880.0,29.0,0.00047087669372558594
65.0,1741014901.265764,DATA,172.64.41.3,192.168.20.132,UDP,Unknown,1832.0,1832.0,131072.0,16.0,Unknown,Unknown,12252.0,33.0,1.0737528800964355
627.0,1741014901.266297,DATA,172.64.41.3,192.168.20.132,UDP,Unknown,1832.0,1832.0,131072.0,16.0,Unknown,Unknown,12879.0,34.0,0.0005331039428710938
627.0,1741014901.266297,DATA,172.64.41.3,192.168.20.132,UDP,Unknown,1832.0,1832.0,131072.0,16.0,Unknown,Unknown,13506.0,35.0,0.0
85.0,1741014901.266648,DATA,192.168.20.132,172.64.41.3,UDP,Unknown,1832.0,1832.0,131072.0,16.0,Unknown,Unknown,6965.0,30.0,0.06197309494018555
309.0,1741014901.947275,DATA,192.168.20.132,172.64.41.3,UDP,Unknown,1832.0,1832.0,131072.0,16.0,Unknown,Unknown,7274.0,31.0,0.6806268692016602
309.0,1741014901.947467,DATA,192.168.20.132,172.64.41.3,UDP,Unknown,1832.0,1832.0,131072.0,16.0,Unknown,Unknown,7583.0,32.0,0.00019216537475585938
65.0,1741014902.008969,DATA,172.64.41.3,192.168.20.132,UDP,Unknown,1832.0,1832.0,131072.0,16.0,Unknown,Unknown,13571.0,36.0,0.7426719665527344
627.0,1741014902.008969,DATA,172.64.41.3,192.168.20.132,UDP,Unknown,1832.0,1832.0,131072.0,16.0,Unknown,Unknown,14198.0,37.0,0.0
627.0,1741014902.008969,DATA,172.64.41.3,192.168.20.132,UDP,Unknown,1832.0,1832.0,131072.0,16.0,Unknown,Unknown,14825.0,38.0,0.0
85.0,1741014902.00939,DATA,192.168.20.132,172.64.41.3,UDP,Unknown,1832.0,1832.0,131072.0,16.0,Unknown,Unknown,7668.0,33.0,0.06192302703857422
1285.0,1741014902.120697,DATA,192.168.20.132,216.58.206.78,UDP,Unknown,1832.0,1832.0,131072.0,16.0,Unknown,Unknown,32489.0,34.0,5.1098480224609375
1292.0,1741014902.120772,DATA,192.168.20.132,216.58.206.78,UDP,Unknown,1832.0,1832.0,131072.0,16.0,Unknown,Unknown,33781.0,35.0,7.486343383789062e-05
749.0,1741014902.120794,DATA,192.168.20.132,216.58.206.78,UDP,Unknown,1832.0,1832.0,131072.0,16.0,Unknown,Unknown,34530.0,36.0,2.2172927856445312e-05
1285.0,1741014902.121756,DATA,192.168.20.132,216.58.206.78,UDP,Unknown,1832.0,1832.0,131072.0,16.0,Unknown,Unknown,35815.0,37.0,0.0009620189666748047
1292.0,1741014902.121803,DATA,192.168.20.132,216.58.206.78,UDP,Unknown,1832.0,1832.0,131072.0,16.0,Unknown,Unknown,37107.0,38.0,4.696846008300781e-05
580.0,1741014902.121837,DATA,192.168.20.132,216.58.206.78,UDP,Unknown,1832.0,1832.0,131072.0,16.0,Unknown,Unknown,37687.0,39.0,3.3855438232421875e-05
309.0,1741014902.147114,DATA,192.168.20.132,172.64.41.3,UDP,Unknown,1832.0,1832.0,131072.0,16.0,Unknown,Unknown,7977.0,34.0,0.1377239227294922
309.0,1741014902.148033,DATA,192.168.20.132,172.64.41.3,UDP,Unknown,1832.0,1832.0,131072.0,16.0,Unknown,Unknown,8286.0,35.0,0.0009188652038574219
309.0,1741014902.148662,DATA,192.168.20.132,172.64.41.3,UDP,Unknown,1832.0,1832.0,131072.0,16.0,Unknown,Unknown,8595.0,36.0,0.0006291866302490234
309.0,1741014902.148877,DATA,192.168.20.132,172.64.41.3,UDP,Unknown,1832.0,1832.0,131072.0,16.0,Unknown,Unknown,8904.0,37.0,0.0002148151397705078
75.0,1741014902.194494,DATA,216.58.206.78,192.168.20.132,UDP,Unknown,1832.0,1832.0,131072.0,16.0,Unknown,Unknown,6973.0,23.0,5.109010934829712
66.0,1741014902.207819,DATA,172.64.41.3,192.168.20.132,UDP,Unknown,1832.0,1832.0,131072.0,16.0,Unknown,Unknown,14891.0,39.0,0.19884991645812988
65.0,1741014902.208714,DATA,172.64.41.3,192.168.20.132,UDP,Unknown,1832.0,1832.0,131072.0,16.0,Unknown,Unknown,14956.0,40.0,0.0008950233459472656
627.0,1741014902.209102,DATA,172.64.41.3,192.168.20.132,UDP,Unknown,1832.0,1832.0,131072.0,16.0,Unknown,Unknown,15583.0,41.0,0.0003879070281982422
627.0,1741014902.209675,DATA,172.64.41.3,192.168.20.132,UDP,Unknown,1832.0,1832.0,131072.0,16.0,Unknown,Unknown,16210.0,42.0,0.0005731582641601562
627.0,1741014902.209675,DATA,172.64.41.3,192.168.20.132,UDP,Unknown,1832.0,1832.0,131072.0,16.0,Unknown,Unknown,16837.0,43.0,0.0
85.0,1741014902.20987,DATA,192.168.20.132,172.64.41.3,UDP,Unknown,1832.0,1832.0,131072.0,16.0,Unknown,Unknown,8989.0,38.0,0.060993194580078125
75.0,1741014902.209952,DATA,192.168.20.132,216.58.206.78,UDP,Unknown,1832.0,1832.0,131072.0,16.0,Unknown,Unknown,37762.0,40.0,0.08811521530151367
627.0,1741014902.210016,DATA,172.64.41.3,192.168.20.132,UDP,Unknown,1832.0,1832.0,131072.0,16.0,Unknown,Unknown,17464.0,44.0,0.0003409385681152344
85.0,1741014902.210265,DATA,192.168.20.132,172.64.41.3,UDP,Unknown,1832.0,1832.0,131072.0,16.0,Unknown,Unknown,9074.0,39.0,0.0003948211669921875
736.0,1741014902.224693,DATA,216.58.206.78,192.168.20.132,UDP,Unknown,1832.0,1832.0,131072.0,16.0,Unknown,Unknown,7709.0,24.0,0.030199050903320312
173.0,1741014902.224693,DATA,216.58.206.78,192.168.20.132,UDP,Unknown,1832.0,1832.0,131072.0,16.0,Unknown,Unknown,7882.0,25.0,0.0
689.0,1741014902.224693,DATA,216.58.206.78,192.168.20.132,UDP,Unknown,1832.0,1832.0,131072.0,16.0,Unknown,Unknown,8571.0,26.0,0.0
174.0,1741014902.224693,DATA,216.58.206.78,192.168.20.132,UDP,Unknown,1832.0,1832.0,131072.0,16.0,Unknown,Unknown,8745.0,27.0,0.0
82.0,1741014902.240003,DATA,192.168.20.132,216.58.206.78,UDP,Unknown,1832.0,1832.0,131072.0,16.0,Unknown,Unknown,37844.0,41.0,0.030050992965698242
68.0,1741014902.313786,DATA,216.58.206.78,192.168.20.132,UDP,Unknown,1832.0,1832.0,131072.0,16.0,Unknown,Unknown,8813.0,28.0,0.08909296989440918
1292.0,1741014905.201465,QUIC,192.168.20.132,172.64.41.3,UDP,Unknown,1832.0,1832.0,131072.0,16.0,Unknown,Unknown,1292.0,1.0,0.007310152053833008
1292.0,1741014905.20151,QUIC,192.168.20.132,172.64.41.3,UDP,Unknown,1832.0,1832.0,131072.0,16.0,Unknown,Unknown,2584.0,2.0,4.506111145019531e-05
66.0,1741014905.203181,TCP,192.168.20.132,172.64.41.3,TCP,Unknown,0.0,0.0,64240.0,2.0,Unknown,Unknown,66.0,1.0,0.007310152053833008
66.0,1741014905.20337,TCP,192.168.20.132,8.8.8.8,TCP,Unknown,0.0,0.0,64240.0,2.0,Unknown,Unknown,66.0,1.0,0.007310152053833008
66.0,1741014905.211494,TCP,8.8.8.8,192.168.20.132,TCP,Unknown,0.0,1.0,65535.0,18.0,Unknown,Unknown,66.0,1.0,0.007310152053833008
54.0,1741014905.21161,TCP,192.168.20.132,8.8.8.8,TCP,Unknown,1.0,1.0,131072.0,16.0,Unknown,Unknown,120.0,2.0,0.008239984512329102
66.0,1741014905.219102,TCP,8.8.8.8,192.168.20.132,TCP,Unknown,1.0,1.0,269824.0,16.0,Unknown,Unknown,132.0,2.0,0.007607936859130859
60.0,1741014905.219102,TCP,8.8.8.8,192.168.20.132,TCP,Unknown,1.0,1785.0,268288.0,16.0,Unknown,Unknown,192.0,3.0,0.0
1242.0,1741014905.262143,QUIC,172.64.41.3,192.168.20.132,UDP,Unknown,1832.0,1832.0,131072.0,16.0,Unknown,Unknown,1242.0,1.0,0.007310152053833008
1242.0,1741014905.26407,QUIC,172.64.41.3,192.168.20.132,UDP,Unknown,1832.0,1832.0,131072.0,16.0,Unknown,Unknown,2484.0,2.0,0.0019271373748779297
1242.0,1741014905.26407,QUIC,172.64.41.3,192.168.20.132,UDP,Unknown,1832.0,1832.0,131072.0,16.0,Unknown,Unknown,3726.0,3.0,0.0
1242.0,1741014905.264706,QUIC,172.64.41.3,192.168.20.132,UDP,Unknown,1832.0,1832.0,131072.0,16.0,Unknown,Unknown,4968.0,4.0,0.0006358623504638672
66.0,1741014905.264706,TCP,172.64.41.3,192.168.20.132,TCP,Unknown,0.0,1.0,65535.0,18.0,Unknown,Unknown,66.0,1.0,0.007310152053833008
957.0,1741014905.264706,QUIC,172.64.41.3,192.168.20.132,UDP,Unknown,1832.0,1832.0,131072.0,16.0,Unknown,Unknown,5925.0,5.0,0.0
54.0,1741014905.265047,TCP,192.168.20.132,172.64.41.3,TCP,Unknown,1.0,1.0,131072.0,16.0,Unknown,Unknown,120.0,2.0,0.061866044998168945
1292.0,1741014905.265611,QUIC,192.168.20.132,172.64.41.3,UDP,Unknown,1832.0,1832.0,131072.0,16.0,Unknown,Unknown,3876.0,3.0,0.06410098075866699
93.0,1741014905.265856,QUIC,192.168.20.132,172.64.41.3,UDP,Unknown,1832.0,1832.0,131072.0,16.0,Unknown,Unknown,3969.0,4.0,0.00024509429931640625
127.0,1741014905.269319,QUIC,192.168.20.132,172.64.41.3,UDP,Unknown,1832.0,1832.0,131072.0,16.0,Unknown,Unknown,4096.0,5.0,0.0034630298614501953
126.0,1741014905.269505,HTTP3,192.168.20.132,172.64.41.3,UDP,Unknown,1832.0,1832.0,131072.0,16.0,Unknown,Unknown,4222.0,6.0,0.00018596649169921875
297.0,1741014905.26979,HTTP3,192.168.20.132,172.64.41.3,UDP,Unknown,1832.0,1832.0,131072.0,16.0,Unknown,Unknown,4519.0,7.0,0.0002849102020263672
1406.0,1741014905.272192,TCP,8.8.8.8,192.168.20.132,TCP,Unknown,1353.0,1785.0,268288.0,16.0,Unknown,Unknown,1598.0,4.0,0.05309009552001953
1406.0,1741014905.272192,TCP,8.8.8.8,192.168.20.132,TCP,Unknown,2705.0,1785.0,268288.0,24.0,Unknown,Unknown,3004.0,5.0,0.0
54.0,1741014905.272229,TCP,192.168.20.132,8.8.8.8,TCP,Unknown,1785.0,4057.0,131072.0,16.0,Unknown,Unknown,174.0,3.0,0.06061887741088867
1406.0,1741014905.27236,TCP,8.8.8.8,192.168.20.132,TCP,Unknown,4057.0,1785.0,268288.0,16.0,Unknown,Unknown,4410.0,6.0,0.00016808509826660156
54.0,1741014905.272382,TCP,192.168.20.132,8.8.8.8,TCP,Unknown,1785.0,5493.0,131072.0,16.0,Unknown,Unknown,228.0,4.0,0.00015306472778320312
60.0,1741014905.280715,TCP,8.8.8.8,192.168.20.132,TCP,Unknown,5493.0,1859.0,268288.0,16.0,Unknown,Unknown,4470.0,7.0,0.008354902267456055
60.0,1741014905.281277,TCP,8.8.8.8,192.168.20.132,TCP,Unknown,6443.0,2189.0,268032.0,16.0,Unknown,Unknown,4530.0,8.0,0.0005619525909423828
54.0,1741014905.282452,TCP,192.168.20.132,8.8.8.8,TCP,Unknown,2220.0,7330.0,131072.0,16.0,Unknown,Unknown,282.0,5.0,0.010070085525512695
60.0,1741014905.288895,TCP,8.8.8.8,192.168.20.132,TCP,Unknown,7330.0,2259.0,268032.0,16.0,Unknown,Unknown,4590.0,9.0,0.007617950439453125
60.0,1741014905.327419,TCP,172.64.41.3,192.168.20.132,TCP,Unknown,1.0,1353.0,65536.0,16.0,Unknown,Unknown,126.0,2.0,0.0627131462097168
60.0,1741014905.327419,TCP,172.64.41.3,192.168.20.132,TCP,Unknown,1.0,1832.0,65536.0,16.0,Unknown,Unknown,186.0,3.0,0.0
1406.0,1741014905.329156,TCP,172.64.41.3,192.168.20.132,TCP,Unknown,1353.0,1832.0,65536.0,16.0,Unknown,Unknown,1592.0,4.0,0.0017368793487548828
54.0,1741014905.329278,TCP,192.168.20.132,172.64.41.3,TCP,Unknown,1832.0,3762.0,131072.0,16.0,Unknown,Unknown,174.0,3.0,0.06423091888427734
570.0,1741014905.329813,HTTP3,172.64.41.3,192.168.20.132,UDP,Unknown,1832.0,1832.0,131072.0,16.0,Unknown,Unknown,6495.0,6.0,0.06510710716247559
66.0,1741014905.329813,HTTP3,172.64.41.3,192.168.20.132,UDP,Unknown,1832.0,1832.0,131072.0,16.0,Unknown,Unknown,6561.0,7.0,0.0
66.0,1741014905.329813,HTTP3,172.64.41.3,192.168.20.132,UDP,Unknown,1832.0,1832.0,131072.0,16.0,Unknown,Unknown,6627.0,8.0,0.0
91.0,1741014905.329813,HTTP3,172.64.41.3,192.168.20.132,UDP,Unknown,1832.0,1832.0,131072.0,16.0,Unknown,Unknown,6718.0,9.0,0.0
85.0,1741014905.330536,QUIC,192.168.20.132,172.64.41.3,UDP,Unknown,1832.0,1832.0,131072.0,16.0,Unknown,Unknown,4604.0,8.0,0.060745954513549805
89.0,1741014905.330728,QUIC,192.168.20.132,172.64.41.3,UDP,Unknown,1832.0,1832.0,131072.0,16.0,Unknown,Unknown,4693.0,9.0,0.00019216537475585938
66.0,1741014905.331603,QUIC,172.64.41.3,192.168.20.132,UDP,Unknown,1832.0,1832.0,131072.0,16.0,Unknown,Unknown,6784.0,10.0,0.0017900466918945312
662.0,1741014905.333308,HTTP3,172.64.41.3,192.168.20.132,UDP,Unknown,1832.0,1832.0,131072.0,16.0,Unknown,Unknown,7446.0,11.0,0.0017049312591552734
86.0,1741014905.359172,QUIC,192.168.20.132,172.64.41.3,UDP,Unknown,1832.0,1832.0,131072.0,16.0,Unknown,Unknown,4779.0,10.0,0.02844405174255371
70.0,1741014905.39128,QUIC,172.64.41.3,192.168.20.132,UDP,Unknown,1832.0,1832.0,131072.0,16.0,Unknown,Unknown,7516.0,12.0,0.057971954345703125
86.0,1741014905.420967,QUIC,192.168.20.132,172.64.41.3,UDP,Unknown,1832.0,1832.0,131072.0,16.0,Unknown,Unknown,4865.0,11.0,0.06179499626159668
54.0,1741014905.44119,TCP,192.168.20.132,172.64.41.3,TCP,Unknown,1896.0,4290.0,130560.0,16.0,Unknown,Unknown,228.0,4.0,0.11191201210021973
54.0,1741014905.58027,TCP,192.168.20.132,172.64.41.3,TCP,Unknown,1896.0,4290.0,130560.0,17.0,Unknown,Unknown,282.0,5.0,0.13908004760742188
54.0,1741014905.580653,TCP,192.168.20.132,8.8.8.8,TCP,Unknown,2259.0,7330.0,131072.0,17.0,Unknown,Unknown,336.0,6.0,0.2982008457183838
60.0,1741014905.587593,TCP,8.8.8.8,192.168.20.132,TCP,Unknown,7330.0,2260.0,268032.0,17.0,Unknown,Unknown,4650.0,10.0,0.29869818687438965
54.0,1741014905.587671,TCP,192.168.20.132,8.8.8.8,TCP,Unknown,2260.0,7331.0,131072.0,16.0,Unknown,Unknown,390.0,7.0,0.007018089294433594
1292.0,1741014905.596485,QUIC,192.168.20.132,162.159.61.3,UDP,Unknown,1832.0,1832.0,131072.0,16.0,Unknown,Unknown,1292.0,1.0,0.007310152053833008
1292.0,1741014905.596552,QUIC,192.168.20.132,162.159.61.3,UDP,Unknown,1832.0,1832.0,131072.0,16.0,Unknown,Unknown,2584.0,2.0,6.699562072753906e-05
66.0,1741014905.596974,TCP,192.168.20.132,8.8.8.8,TCP,Unknown,0.0,0.0,64240.0,2.0,Unknown,Unknown,66.0,1.0,0.007310152053833008
66.0,1741014905.597654,TCP,192.168.20.132,162.159.61.3,TCP,Unknown,0.0,0.0,64240.0,2.0,Unknown,Unknown,66.0,1.0,0.007310152053833008
66.0,1741014905.605193,TCP,8.8.8.8,192.168.20.132,TCP,Unknown,0.0,1.0,65535.0,18.0,Unknown,Unknown,66.0,1.0,0.007310152053833008
54.0,1741014905.605306,TCP,192.168.20.132,8.8.8.8,TCP,Unknown,1.0,1.0,131072.0,16.0,Unknown,Unknown,120.0,2.0,0.008332014083862305
66.0,1741014905.616388,TCP,8.8.8.8,192.168.20.132,TCP,Unknown,1.0,1.0,269824.0,16.0,Unknown,Unknown,132.0,2.0,0.011195182800292969
60.0,1741014905.616388,TCP,8.8.8.8,192.168.20.132,TCP,Unknown,1.0,1753.0,268288.0,16.0,Unknown,Unknown,192.0,3.0,0.0
60.0,1741014905.641256,TCP,172.64.41.3,192.168.20.132,TCP,Unknown,4290.0,1897.0,65536.0,17.0,Unknown,Unknown,1652.0,5.0,0.3121001720428467
54.0,1741014905.641305,TCP,192.168.20.132,172.64.41.3,TCP,Unknown,1897.0,4291.0,130560.0,16.0,Unknown,Unknown,336.0,6.0,0.0610349178314209
1242.0,1741014905.657352,QUIC,162.159.61.3,192.168.20.132,UDP,Unknown,1832.0,1832.0,131072.0,16.0,Unknown,Unknown,1242.0,1.0,0.007310152053833008
1242.0,1741014905.657725,QUIC,162.159.61.3,192.168.20.132,UDP,Unknown,1832.0,1832.0,131072.0,16.0,Unknown,Unknown,2484.0,2.0,0.0003731250762939453
1242.0,1741014905.657725,QUIC,162.159.61.3,192.168.20.132,UDP,Unknown,1832.0,1832.0,131072.0,16.0,Unknown,Unknown,3726.0,3.0,0.0
1242.0,1741014905.658124,QUIC,162.159.61.3,192.168.20.132,UDP,Unknown,1832.0,1832.0,131072.0,16.0,Unknown,Unknown,4968.0,4.0,0.00039887428283691406
956.0,1741014905.658124,QUIC,162.159.61.3,192.168.20.132,UDP,Unknown,1832.0,1832.0,131072.0,16.0,Unknown,Unknown,5924.0,5.0,0.0
1292.0,1741014905.658136,QUIC,192.168.20.132,162.159.61.3,UDP,Unknown,1832.0,1832.0,131072.0,16.0,Unknown,Unknown,3876.0,3.0,0.0615839958190918
93.0,1741014905.658398,QUIC,192.168.20.132,162.159.61.3,UDP,Unknown,1832.0,1832.0,131072.0,16.0,Unknown,Unknown,3969.0,4.0,0.0002620220184326172
66.0,1741014905.659531,TCP,162.159.61.3,192.168.20.132,TCP,Unknown,0.0,1.0,65535.0,18.0,Unknown,Unknown,66.0,1.0,0.007310152053833008
54.0,1741014905.659602,TCP,192.168.20.132,162.159.61.3,TCP,Unknown,1.0,1.0,131072.0,16.0,Unknown,Unknown,120.0,2.0,0.06194782257080078
127.0,1741014905.660941,QUIC,192.168.20.132,162.159.61.3,UDP,Unknown,1832.0,1832.0,131072.0,16.0,Unknown,Unknown,4096.0,5.0,0.0025429725646972656
126.0,1741014905.661118,HTTP3,192.168.20.132,162.159.61.3,UDP,Unknown,1832.0,1832.0,131072.0,16.0,Unknown,Unknown,4222.0,6.0,0.00017714500427246094
297.0,1741014905.661346,HTTP3,192.168.20.132,162.159.61.3,UDP,Unknown,1832.0,1832.0,131072.0,16.0,Unknown,Unknown,4519.0,7.0,0.00022792816162109375
1406.0,1741014905.668438,TCP,8.8.8.8,192.168.20.132,TCP,Unknown,1353.0,1753.0,268288.0,16.0,Unknown,Unknown,1598.0,4.0,0.052049875259399414
1406.0,1741014905.668438,TCP,8.8.8.8,192.168.20.132,TCP,Unknown,2705.0,1753.0,268288.0,24.0,Unknown,Unknown,3004.0,5.0,0.0
1406.0,1741014905.668438,TCP,8.8.8.8,192.168.20.132,TCP,Unknown,4057.0,1753.0,268288.0,16.0,Unknown,Unknown,4410.0,6.0,0.0
54.0,1741014905.668526,TCP,192.168.20.132,8.8.8.8,TCP,Unknown,1753.0,5491.0,131072.0,16.0,Unknown,Unknown,174.0,3.0,0.06322002410888672
60.0,1741014905.678719,TCP,8.8.8.8,192.168.20.132,TCP,Unknown,5491.0,1827.0,268288.0,16.0,Unknown,Unknown,4470.0,7.0,0.010281085968017578
60.0,1741014905.679743,TCP,8.8.8.8,192.168.20.132,TCP,Unknown,6441.0,2157.0,268032.0,16.0,Unknown,Unknown,4530.0,8.0,0.001024007797241211
85.0,1741014905.680413,TCP,8.8.8.8,192.168.20.132,TCP,Unknown,6441.0,2157.0,268032.0,24.0,Unknown,Unknown,4615.0,9.0,0.0006699562072753906
66.0,1741014905.680496,TCP,192.168.20.132,8.8.8.8,TCP,Unknown,2188.0,6441.0,130048.0,16.0,Unknown,Unknown,240.0,4.0,0.011970043182373047
54.0,1741014905.680545,TCP,192.168.20.132,8.8.8.8,TCP,Unknown,2188.0,6759.0,129792.0,16.0,Unknown,Unknown,294.0,5.0,4.9114227294921875e-05
54.0,1741014905.68057,TCP,192.168.20.132,8.8.8.8,TCP,Unknown,2188.0,7328.0,131072.0,16.0,Unknown,Unknown,348.0,6.0,2.47955322265625e-05
60.0,1741014905.689262,TCP,8.8.8.8,192.168.20.132,TCP,Unknown,7328.0,2227.0,268032.0,16.0,Unknown,Unknown,4675.0,10.0,0.008848905563354492
575.0,1741014905.720942,HTTP3,162.159.61.3,192.168.20.132,UDP,Unknown,1832.0,1832.0,131072.0,16.0,Unknown,Unknown,6499.0,6.0,0.06281805038452148
66.0,1741014905.720942,HTTP3,162.159.61.3,192.168.20.132,UDP,Unknown,1832.0,1832.0,131072.0,16.0,Unknown,Unknown,6565.0,7.0,0.0
66.0,1741014905.720942,HTTP3,162.159.61.3,192.168.20.132,UDP,Unknown,1832.0,1832.0,131072.0,16.0,Unknown,Unknown,6631.0,8.0,0.0
91.0,1741014905.720942,HTTP3,162.159.61.3,192.168.20.132,UDP,Unknown,1832.0,1832.0,131072.0,16.0,Unknown,Unknown,6722.0,9.0,0.0
60.0,1741014905.721185,TCP,162.159.61.3,192.168.20.132,TCP,Unknown,1.0,1832.0,65536.0,16.0,Unknown,Unknown,126.0,2.0,0.061653852462768555
85.0,1741014905.7216,QUIC,192.168.20.132,162.159.61.3,UDP,Unknown,1832.0,1832.0,131072.0,16.0,Unknown,Unknown,4604.0,8.0,0.06025409698486328
89.0,1741014905.721738,QUIC,192.168.20.132,162.159.61.3,UDP,Unknown,1832.0,1832.0,131072.0,16.0,Unknown,Unknown,4693.0,9.0,0.0001380443572998047
66.0,1741014905.722232,QUIC,162.159.61.3,192.168.20.132,UDP,Unknown,1832.0,1832.0,131072.0,16.0,Unknown,Unknown,6788.0,10.0,0.0012900829315185547
662.0,1741014905.722587,HTTP3,162.159.61.3,192.168.20.132,UDP,Unknown,1832.0,1832.0,131072.0,16.0,Unknown,Unknown,7450.0,11.0,0.00035500526428222656
1406.0,1741014905.72353,TCP,162.159.61.3,192.168.20.132,TCP,Unknown,1353.0,1832.0,65536.0,16.0,Unknown,Unknown,1532.0,3.0,0.0023450851440429688
54.0,1741014905.723645,TCP,192.168.20.132,162.159.61.3,TCP,Unknown,1832.0,3762.0,131072.0,16.0,Unknown,Unknown,174.0,3.0,0.06404304504394531
86.0,1741014905.748014,QUIC,192.168.20.132,162.159.61.3,UDP,Unknown,1832.0,1832.0,131072.0,16.0,Unknown,Unknown,4779.0,10.0,0.0262758731842041
70.0,1741014905.784088,QUIC,162.159.61.3,192.168.20.132,UDP,Unknown,1832.0,1832.0,131072.0,16.0,Unknown,Unknown,7520.0,12.0,0.06150078773498535
86.0,1741014905.810292,QUIC,192.168.20.132,162.159.61.3,UDP,Unknown,1832.0,1832.0,131072.0,16.0,Unknown,Unknown,4865.0,11.0,0.062278032302856445
54.0,1741014905.855938,TCP,192.168.20.132,162.159.61.3,TCP,Unknown,1896.0,4290.0,130560.0,16.0,Unknown,Unknown,228.0,4.0,0.1322929859161377
306.0,1741014905.913094,HTTP3,192.168.20.132,162.159.61.3,UDP,Unknown,1832.0,1832.0,131072.0,16.0,Unknown,Unknown,5171.0,12.0,0.10280203819274902
300.0,1741014905.959245,DATA,192.168.20.132,172.64.41.3,UDP,Unknown,1832.0,1832.0,131072.0,16.0,Unknown,Unknown,9374.0,40.0,3.7489800453186035
300.0,1741014905.959433,DATA,192.168.20.132,172.64.41.3,UDP,Unknown,1832.0,1832.0,131072.0,16.0,Unknown,Unknown,9674.0,41.0,0.0001881122589111328
66.0,1741014905.972862,QUIC,162.159.61.3,192.168.20.132,UDP,Unknown,1832.0,1832.0,131072.0,16.0,Unknown,Unknown,7586.0,13.0,0.18877410888671875
626.0,1741014905.973876,HTTP3,162.159.61.3,192.168.20.132,UDP,Unknown,1832.0,1832.0,131072.0,16.0,Unknown,Unknown,8212.0,14.0,0.0010139942169189453
86.0,1741014906.005593,QUIC,192.168.20.132,162.159.61.3,UDP,Unknown,1832.0,1832.0,131072.0,16.0,Unknown,Unknown,5257.0,13.0,0.0924990177154541
65.0,1741014906.021988,DATA,172.64.41.3,192.168.20.132,UDP,Unknown,1832.0,1832.0,131072.0,16.0,Unknown,Unknown,17529.0,45.0,3.81197190284729
627.0,1741014906.023137,DATA,172.64.41.3,192.168.20.132,UDP,Unknown,1832.0,1832.0,131072.0,16.0,Unknown,Unknown,18156.0,46.0,0.0011491775512695312
627.0,1741014906.023137,DATA,172.64.41.3,192.168.20.132,UDP,Unknown,1832.0,1832.0,131072.0,16.0,Unknown,Unknown,18783.0,47.0,0.0
85.0,1741014906.023515,DATA,192.168.20.132,172.64.41.3,UDP,Unknown,1832.0,1832.0,131072.0,16.0,Unknown,Unknown,9759.0,42.0,0.06408190727233887
309.0,1741014906.216548,DATA,192.168.20.132,172.64.41.3,UDP,Unknown,1832.0,1832.0,131072.0,16.0,Unknown,Unknown,10068.0,43.0,0.19303297996520996
309.0,1741014906.217121,DATA,192.168.20.132,172.64.41.3,UDP,Unknown,1832.0,1832.0,131072.0,16.0,Unknown,Unknown,10377.0,44.0,0.0005729198455810547
786.0,1741014906.224382,DATA,192.168.20.132,216.58.206.78,UDP,Unknown,1832.0,1832.0,131072.0,16.0,Unknown,Unknown,38630.0,42.0,3.9843788146972656
65.0,1741014906.277195,DATA,172.64.41.3,192.168.20.132,UDP,Unknown,1832.0,1832.0,131072.0,16.0,Unknown,Unknown,18848.0,48.0,0.2540578842163086
627.0,1741014906.277638,DATA,172.64.41.3,192.168.20.132,UDP,Unknown,1832.0,1832.0,131072.0,16.0,Unknown,Unknown,19475.0,49.0,0.0004429817199707031
627.0,1741014906.277638,DATA,172.64.41.3,192.168.20.132,UDP,Unknown,1832.0,1832.0,131072.0,16.0,Unknown,Unknown,20102.0,50.0,0.0
85.0,1741014906.278106,DATA,192.168.20.132,172.64.41.3,UDP,Unknown,1832.0,1832.0,131072.0,16.0,Unknown,Unknown,10462.0,45.0,0.06098508834838867
74.0,1741014906.299166,DATA,216.58.206.78,192.168.20.132,UDP,Unknown,1832.0,1832.0,131072.0,16.0,Unknown,Unknown,8887.0,29.0,3.985379934310913
75.0,1741014906.31843,DATA,192.168.20.132,216.58.206.78,UDP,Unknown,1832.0,1832.0,131072.0,16.0,Unknown,Unknown,38705.0,43.0,0.09404802322387695
738.0,1741014906.326908,DATA,216.58.206.78,192.168.20.132,UDP,Unknown,1832.0,1832.0,131072.0,16.0,Unknown,Unknown,9625.0,30.0,0.02774214744567871
145.0,1741014906.329336,DATA,216.58.206.78,192.168.20.132,UDP,Unknown,1832.0,1832.0,131072.0,16.0,Unknown,Unknown,9770.0,31.0,0.002427816390991211
309.0,1741014906.337792,DATA,192.168.20.132,172.64.41.3,UDP,Unknown,1832.0,1832.0,131072.0,16.0,Unknown,Unknown,10771.0,46.0,0.05968594551086426
309.0,1741014906.337965,DATA,192.168.20.132,172.64.41.3,UDP,Unknown,1832.0,1832.0,131072.0,16.0,Unknown,Unknown,11080.0,47.0,0.00017309188842773438
81.0,1741014906.342917,DATA,192.168.20.132,216.58.206.78,UDP,Unknown,1832.0,1832.0,131072.0,16.0,Unknown,Unknown,38786.0,44.0,0.024487018585205078
66.0,1741014906.397939,DATA,172.64.41.3,192.168.20.132,UDP,Unknown,1832.0,1832.0,131072.0,16.0,Unknown,Unknown,20168.0,51.0,0.1203010082244873
66.0,1741014906.398684,DATA,172.64.41.3,192.168.20.132,UDP,Unknown,1832.0,1832.0,131072.0,16.0,Unknown,Unknown,20234.0,52.0,0.0007450580596923828
627.0,1741014906.398684,DATA,172.64.41.3,192.168.20.132,UDP,Unknown,1832.0,1832.0,131072.0,16.0,Unknown,Unknown,20861.0,53.0,0.0
627.0,1741014906.400545,DATA,172.64.41.3,192.168.20.132,UDP,Unknown,1832.0,1832.0,131072.0,16.0,Unknown,Unknown,21488.0,54.0,0.0018608570098876953
86.0,1741014906.401068,DATA,192.168.20.132,172.64.41.3,UDP,Unknown,1832.0,1832.0,131072.0,16.0,Unknown,Unknown,11166.0,48.0,0.06310296058654785
68.0,1741014906.418475,DATA,216.58.206.78,192.168.20.132,UDP,Unknown,1832.0,1832.0,131072.0,16.0,Unknown,Unknown,9838.0,32.0,0.08913898468017578
64.0,1741014906.46034,DATA,172.64.41.3,192.168.20.132,UDP,Unknown,1832.0,1832.0,131072.0,16.0,Unknown,Unknown,21552.0,55.0,0.05979514122009277
87.0,1741014906.4872,DATA,192.168.20.132,172.64.41.3,UDP,Unknown,1832.0,1832.0,131072.0,16.0,Unknown,Unknown,11253.0,49.0,0.08613204956054688
309.0,1741014906.518476,DATA,192.168.20.132,172.64.41.3,UDP,Unknown,1832.0,1832.0,131072.0,16.0,Unknown,Unknown,11562.0,50.0,0.03127598762512207
309.0,1741014906.518692,DATA,192.168.20.132,172.64.41.3,UDP,Unknown,1832.0,1832.0,131072.0,16.0,Unknown,Unknown,11871.0,51.0,0.00021600723266601562
309.0,1741014906.51968,DATA,192.168.20.132,172.64.41.3,UDP,Unknown,1832.0,1832.0,131072.0,16.0,Unknown,Unknown,12180.0,52.0,0.000988006591796875
309.0,1741014906.520605,DATA,192.168.20.132,172.64.41.3,UDP,Unknown,1832.0,1832.0,131072.0,16.0,Unknown,Unknown,12489.0,53.0,0.0009250640869140625
66.0,1741014906.57966,DATA,172.64.41.3,192.168.20.132,UDP,Unknown,1832.0,1832.0,131072.0,16.0,Unknown,Unknown,21618.0,56.0,0.11931991577148438
633.0,1741014906.580804,DATA,172.64.41.3,192.168.20.132,UDP,Unknown,1832.0,1832.0,131072.0,16.0,Unknown,Unknown,22251.0,57.0,0.0011441707611083984
627.0,1741014906.580804,DATA,172.64.41.3,192.168.20.132,UDP,Unknown,1832.0,1832.0,131072.0,16.0,Unknown,Unknown,22878.0,58.0,0.0
626.0,1741014906.580804,DATA,172.64.41.3,192.168.20.132,UDP,Unknown,1832.0,1832.0,131072.0,16.0,Unknown,Unknown,23504.0,59.0,0.0
86.0,1741014906.581478,DATA,192.168.20.132,172.64.41.3,UDP,Unknown,1832.0,1832.0,131072.0,16.0,Unknown,Unknown,12575.0,54.0,0.06087303161621094
627.0,1741014906.582342,DATA,172.64.41.3,192.168.20.132,UDP,Unknown,1832.0,1832.0,131072.0,16.0,Unknown,Unknown,24131.0,60.0,0.0015377998352050781
86.0,1741014906.583019,DATA,192.168.20.132,172.64.41.3,UDP,Unknown,1832.0,1832.0,131072.0,16.0,Unknown,Unknown,12661.0,55.0,0.0015408992767333984
309.0,1741014906.741741,DATA,192.168.20.132,172.64.41.3,UDP,Unknown,1832.0,1832.0,131072.0,16.0,Unknown,Unknown,12970.0,56.0,0.158721923828125
309.0,1741014906.742109,DATA,192.168.20.132,172.64.41.3,UDP,Unknown,1832.0,1832.0,131072.0,16.0,Unknown,Unknown,13279.0,57.0,0.0003681182861328125
66.0,1741014906.801915,DATA,172.64.41.3,192.168.20.132,UDP,Unknown,1832.0,1832.0,131072.0,16.0,Unknown,Unknown,24197.0,61.0,0.2195730209350586
627.0,1741014906.802797,DATA,172.64.41.3,192.168.20.132,UDP,Unknown,1832.0,1832.0,131072.0,16.0,Unknown,Unknown,24824.0,62.0,0.0008821487426757812
627.0,1741014906.802797,DATA,172.64.41.3,192.168.20.132,UDP,Unknown,1832.0,1832.0,131072.0,16.0,Unknown,Unknown,25451.0,63.0,0.0
86.0,1741014906.803014,DATA,192.168.20.132,172.64.41.3,UDP,Unknown,1832.0,1832.0,131072.0,16.0,Unknown,Unknown,13365.0,58.0,0.06090497970581055
54.0,1741014906.98936,TCP,192.168.20.132,162.159.61.3,TCP,Unknown,1896.0,4290.0,130560.0,17.0,Unknown,Unknown,282.0,5.0,1.1334221363067627
54.0,1741014906.989512,TCP,192.168.20.132,8.8.8.8,TCP,Unknown,2227.0,7328.0,131072.0,17.0,Unknown,Unknown,402.0,7.0,1.3089420795440674
60.0,1741014906.998289,TCP,8.8.8.8,192.168.20.132,TCP,Unknown,7328.0,2228.0,268032.0,17.0,Unknown,Unknown,4735.0,11.0,1.3090271949768066
54.0,1741014906.998346,TCP,192.168.20.132,8.8.8.8,TCP,Unknown,2228.0,7329.0,131072.0,16.0,Unknown,Unknown,456.0,8.0,0.008834123611450195
60.0,1741014907.050744,TCP,162.159.61.3,192.168.20.132,TCP,Unknown,4290.0,1897.0,65536.0,17.0,Unknown,Unknown,1592.0,4.0,1.327214002609253
54.0,1741014907.05078,TCP,192.168.20.132,162.159.61.3,TCP,Unknown,1897.0,4291.0,130560.0,16.0,Unknown,Unknown,336.0,6.0,0.06141996383666992
309.0,1741014907.092425,DATA,192.168.20.132,172.64.41.3,UDP,Unknown,1832.0,1832.0,131072.0,16.0,Unknown,Unknown,13674.0,59.0,0.2894110679626465
309.0,1741014907.092585,DATA,192.168.20.132,172.64.41.3,UDP,Unknown,1832.0,1832.0,131072.0,16.0,Unknown,Unknown,13983.0,60.0,0.00015997886657714844
309.0,1741014907.134543,DATA,192.168.20.132,172.64.41.3,UDP,Unknown,1832.0,1832.0,131072.0,16.0,Unknown,Unknown,14292.0,61.0,0.041957855224609375
309.0,1741014907.134703,DATA,192.168.20.132,172.64.41.3,UDP,Unknown,1832.0,1832.0,131072.0,16.0,Unknown,Unknown,14601.0,62.0,0.00015997886657714844
66.0,1741014907.153123,DATA,172.64.41.3,192.168.20.132,UDP,Unknown,1832.0,1832.0,131072.0,16.0,Unknown,Unknown,25517.0,64.0,0.3503258228302002
627.0,1741014907.154534,DATA,172.64.41.3,192.168.20.132,UDP,Unknown,1832.0,1832.0,131072.0,16.0,Unknown,Unknown,26144.0,65.0,0.0014111995697021484
627.0,1741014907.175358,DATA,172.64.41.3,192.168.20.132,UDP,Unknown,1832.0,1832.0,131072.0,16.0,Unknown,Unknown,26771.0,66.0,0.020823955535888672
86.0,1741014907.175702,DATA,192.168.20.132,172.64.41.3,UDP,Unknown,1832.0,1832.0,131072.0,16.0,Unknown,Unknown,14687.0,63.0,0.04099917411804199
66.0,1741014907.199152,DATA,172.64.41.3,192.168.20.132,UDP,Unknown,1832.0,1832.0,131072.0,16.0,Unknown,Unknown,26837.0,67.0,0.023793935775756836
627.0,1741014907.199152,DATA,172.64.41.3,192.168.20.132,UDP,Unknown,1832.0,1832.0,131072.0,16.0,Unknown,Unknown,27464.0,68.0,0.0
627.0,1741014907.199152,DATA,172.64.41.3,192.168.20.132,UDP,Unknown,1832.0,1832.0,131072.0,16.0,Unknown,Unknown,28091.0,69.0,0.0
86.0,1741014907.200194,DATA,192.168.20.132,172.64.41.3,UDP,Unknown,1832.0,1832.0,131072.0,16.0,Unknown,Unknown,14773.0,64.0,0.02449178695678711
300.0,1741014907.943244,DATA,192.168.20.132,172.64.41.3,UDP,Unknown,1832.0,1832.0,131072.0,16.0,Unknown,Unknown,15073.0,65.0,0.7430500984191895
300.0,1741014907.943372,DATA,192.168.20.132,172.64.41.3,UDP,Unknown,1832.0,1832.0,131072.0,16.0,Unknown,Unknown,15373.0,66.0,0.00012803077697753906
66.0,1741014908.002717,DATA,172.64.41.3,192.168.20.132,UDP,Unknown,1832.0,1832.0,131072.0,16.0,Unknown,Unknown,28157.0,70.0,0.8035650253295898
627.0,1741014908.003562,DATA,172.64.41.3,192.168.20.132,UDP,Unknown,1832.0,1832.0,131072.0,16.0,Unknown,Unknown,28784.0,71.0,0.0008449554443359375
627.0,1741014908.004332,DATA,172.64.41.3,192.168.20.132,UDP,Unknown,1832.0,1832.0,131072.0,16.0,Unknown,Unknown,29411.0,72.0,0.0007700920104980469
86.0,1741014908.004547,DATA,192.168.20.132,172.64.41.3,UDP,Unknown,1832.0,1832.0,131072.0,16.0,Unknown,Unknown,15459.0,67.0,0.06117510795593262
300.0,1741014908.215291,DATA,192.168.20.132,172.64.41.3,UDP,Unknown,1832.0,1832.0,131072.0,16.0,Unknown,Unknown,15759.0,68.0,0.21074390411376953
300.0,1741014908.215582,DATA,192.168.20.132,172.64.41.3,UDP,Unknown,1832.0,1832.0,131072.0,16.0,Unknown,Unknown,16059.0,69.0,0.00029087066650390625
67.0,1741014908.279167,DATA,172.64.41.3,192.168.20.132,UDP,Unknown,1832.0,1832.0,131072.0,16.0,Unknown,Unknown,29478.0,73.0,0.27483487129211426
627.0,1741014908.279167,DATA,172.64.41.3,192.168.20.132,UDP,Unknown,1832.0,1832.0,131072.0,16.0,Unknown,Unknown,30105.0,74.0,0.0
66.0,1741014908.279167,DATA,172.64.41.3,192.168.20.132,UDP,Unknown,1832.0,1832.0,131072.0,16.0,Unknown,Unknown,30171.0,75.0,0.0
627.0,1741014908.279167,DATA,172.64.41.3,192.168.20.132,UDP,Unknown,1832.0,1832.0,131072.0,16.0,Unknown,Unknown,30798.0,76.0,0.0
86.0,1741014908.279996,DATA,192.168.20.132,172.64.41.3,UDP,Unknown,1832.0,1832.0,131072.0,16.0,Unknown,Unknown,16145.0,70.0,0.06441402435302734
309.0,1741014908.354324,DATA,192.168.20.132,172.64.41.3,UDP,Unknown,1832.0,1832.0,131072.0,16.0,Unknown,Unknown,16454.0,71.0,0.07432818412780762
309.0,1741014908.354462,DATA,192.168.20.132,172.64.41.3,UDP,Unknown,1832.0,1832.0,131072.0,16.0,Unknown,Unknown,16763.0,72.0,0.00013780593872070312
66.0,1741014908.413964,DATA,172.64.41.3,192.168.20.132,UDP,Unknown,1832.0,1832.0,131072.0,16.0,Unknown,Unknown,30864.0,77.0,0.1347970962524414
627.0,1741014908.415131,DATA,172.64.41.3,192.168.20.132,UDP,Unknown,1832.0,1832.0,131072.0,16.0,Unknown,Unknown,31491.0,78.0,0.0011670589447021484
627.0,1741014908.415131,DATA,172.64.41.3,192.168.20.132,UDP,Unknown,1832.0,1832.0,131072.0,16.0,Unknown,Unknown,32118.0,79.0,0.0
86.0,1741014908.415738,DATA,192.168.20.132,172.64.41.3,UDP,Unknown,1832.0,1832.0,131072.0,16.0,Unknown,Unknown,16849.0,73.0,0.06127619743347168
309.0,1741014909.025248,DATA,192.168.20.132,172.64.41.3,UDP,Unknown,1832.0,1832.0,131072.0,16.0,Unknown,Unknown,17158.0,74.0,0.6095099449157715
309.0,1741014909.025487,DATA,192.168.20.132,172.64.41.3,UDP,Unknown,1832.0,1832.0,131072.0,16.0,Unknown,Unknown,17467.0,75.0,0.00023889541625976562
66.0,1741014909.087587,DATA,172.64.41.3,192.168.20.132,UDP,Unknown,1832.0,1832.0,131072.0,16.0,Unknown,Unknown,32184.0,80.0,0.6724560260772705
627.0,1741014909.087587,DATA,172.64.41.3,192.168.20.132,UDP,Unknown,1832.0,1832.0,131072.0,16.0,Unknown,Unknown,32811.0,81.0,0.0
627.0,1741014909.087587,DATA,172.64.41.3,192.168.20.132,UDP,Unknown,1832.0,1832.0,131072.0,16.0,Unknown,Unknown,33438.0,82.0,0.0
86.0,1741014909.088165,DATA,192.168.20.132,172.64.41.3,UDP,Unknown,1832.0,1832.0,131072.0,16.0,Unknown,Unknown,17553.0,76.0,0.06267809867858887
726.0,1741014914.841798,HTTP3,192.168.20.132,216.58.206.78,UDP,Unknown,1832.0,1832.0,131072.0,16.0,Unknown,Unknown,9959.0,16.0,15.768119096755981
71.0,1741014914.919459,HTTP3,216.58.206.78,192.168.20.132,UDP,Unknown,1832.0,1832.0,131072.0,16.0,Unknown,Unknown,6561.0,19.0,15.817148208618164
74.0,1741014914.945614,QUIC,192.168.20.132,216.58.206.78,UDP,Unknown,1832.0,1832.0,131072.0,16.0,Unknown,Unknown,10033.0,17.0,0.10381603240966797
713.0,1741014914.959657,HTTP3,216.58.206.78,192.168.20.132,UDP,Unknown,1832.0,1832.0,131072.0,16.0,Unknown,Unknown,7274.0,20.0,0.04019784927368164
220.0,1741014914.960182,QUIC,216.58.206.78,192.168.20.132,UDP,Unknown,1832.0,1832.0,131072.0,16.0,Unknown,Unknown,7494.0,21.0,0.0005249977111816406
77.0,1741014914.96081,HTTP3,192.168.20.132,216.58.206.78,UDP,Unknown,1832.0,1832.0,131072.0,16.0,Unknown,Unknown,10110.0,18.0,0.015195846557617188
66.0,1741014915.04458,QUIC,216.58.206.78,192.168.20.132,UDP,Unknown,1832.0,1832.0,131072.0,16.0,Unknown,Unknown,7560.0,22.0,0.08439803123474121
1022.0,1741014920.117396,DATA,192.168.20.132,216.58.206.78,UDP,Unknown,1832.0,1832.0,131072.0,16.0,Unknown,Unknown,39808.0,45.0,13.774479150772095
74.0,1741014920.192381,DATA,216.58.206.78,192.168.20.132,UDP,Unknown,1832.0,1832.0,131072.0,16.0,Unknown,Unknown,9912.0,33.0,13.773905992507935
75.0,1741014920.214422,DATA,192.168.20.132,216.58.206.78,UDP,Unknown,1832.0,1832.0,131072.0,16.0,Unknown,Unknown,39883.0,46.0,0.09702587127685547
738.0,1741014920.218107,DATA,216.58.206.78,192.168.20.132,UDP,Unknown,1832.0,1832.0,131072.0,16.0,Unknown,Unknown,10650.0,34.0,0.0257260799407959
170.0,1741014920.220688,DATA,216.58.206.78,192.168.20.132,UDP,Unknown,1832.0,1832.0,131072.0,16.0,Unknown,Unknown,10820.0,35.0,0.0025811195373535156
81.0,1741014920.246762,DATA,192.168.20.132,216.58.206.78,UDP,Unknown,1832.0,1832.0,131072.0,16.0,Unknown,Unknown,39964.0,47.0,0.032340049743652344
68.0,1741014920.321074,DATA,216.58.206.78,192.168.20.132,UDP,Unknown,1832.0,1832.0,131072.0,16.0,Unknown,Unknown,10888.0,36.0,0.10038590431213379
60.0,1741014920.342852,TCP,20.199.120.182,192.168.20.132,TCP,Unknown,365.0,134.0,7659.0,16.0,Unknown,Unknown,60.0,1.0,0.007310152053833008
309.0,1741014920.664281,DATA,192.168.20.132,172.64.41.3,UDP,Unknown,1832.0,1832.0,131072.0,16.0,Unknown,Unknown,17862.0,77.0,11.576115846633911
309.0,1741014920.664637,DATA,192.168.20.132,172.64.41.3,UDP,Unknown,1832.0,1832.0,131072.0,16.0,Unknown,Unknown,18171.0,78.0,0.0003561973571777344
309.0,1741014920.664866,DATA,192.168.20.132,172.64.41.3,UDP,Unknown,1832.0,1832.0,131072.0,16.0,Unknown,Unknown,18480.0,79.0,0.0002288818359375
309.0,1741014920.665043,DATA,192.168.20.132,172.64.41.3,UDP,Unknown,1832.0,1832.0,131072.0,16.0,Unknown,Unknown,18789.0,80.0,0.00017714500427246094
309.0,1741014920.665157,DATA,192.168.20.132,172.64.41.3,UDP,Unknown,1832.0,1832.0,131072.0,16.0,Unknown,Unknown,19098.0,81.0,0.00011396408081054688
309.0,1741014920.665309,DATA,192.168.20.132,172.64.41.3,UDP,Unknown,1832.0,1832.0,131072.0,16.0,Unknown,Unknown,19407.0,82.0,0.0001518726348876953
66.0,1741014920.724208,DATA,172.64.41.3,192.168.20.132,UDP,Unknown,1832.0,1832.0,131072.0,16.0,Unknown,Unknown,33504.0,83.0,11.636620998382568
66.0,1741014920.725839,DATA,172.64.41.3,192.168.20.132,UDP,Unknown,1832.0,1832.0,131072.0,16.0,Unknown,Unknown,33570.0,84.0,0.0016307830810546875
627.0,1741014920.726629,DATA,172.64.41.3,192.168.20.132,UDP,Unknown,1832.0,1832.0,131072.0,16.0,Unknown,Unknown,34197.0,85.0,0.0007901191711425781
627.0,1741014920.726629,DATA,172.64.41.3,192.168.20.132,UDP,Unknown,1832.0,1832.0,131072.0,16.0,Unknown,Unknown,34824.0,86.0,0.0
86.0,1741014920.72689,DATA,192.168.20.132,172.64.41.3,UDP,Unknown,1832.0,1832.0,131072.0,16.0,Unknown,Unknown,19493.0,83.0,0.06158113479614258
627.0,1741014920.727029,DATA,172.64.41.3,192.168.20.132,UDP,Unknown,1832.0,1832.0,131072.0,16.0,Unknown,Unknown,35451.0,87.0,0.0004000663757324219
627.0,1741014920.728341,DATA,172.64.41.3,192.168.20.132,UDP,Unknown,1832.0,1832.0,131072.0,16.0,Unknown,Unknown,36078.0,88.0,0.0013120174407958984
627.0,1741014920.728341,DATA,172.64.41.3,192.168.20.132,UDP,Unknown,1832.0,1832.0,131072.0,16.0,Unknown,Unknown,36705.0,89.0,0.0
86.0,1741014920.728651,DATA,192.168.20.132,172.64.41.3,UDP,Unknown,1832.0,1832.0,131072.0,16.0,Unknown,Unknown,19579.0,84.0,0.0017609596252441406
627.0,1741014920.729564,DATA,172.64.41.3,192.168.20.132,UDP,Unknown,1832.0,1832.0,131072.0,16.0,Unknown,Unknown,37332.0,90.0,0.001222848892211914
86.0,1741014920.729824,DATA,192.168.20.132,172.64.41.3,UDP,Unknown,1832.0,1832.0,131072.0,16.0,Unknown,Unknown,19665.0,85.0,0.0011730194091796875
64.0,1741014920.786879,DATA,172.64.41.3,192.168.20.132,UDP,Unknown,1832.0,1832.0,131072.0,16.0,Unknown,Unknown,37396.0,91.0,0.05731511116027832
87.0,1741014920.816533,DATA,192.168.20.132,172.64.41.3,UDP,Unknown,1832.0,1832.0,131072.0,16.0,Unknown,Unknown,19752.0,86.0,0.08670902252197266
1020.0,1741014921.100412,DATA,192.168.20.132,216.58.206.78,UDP,Unknown,1832.0,1832.0,131072.0,16.0,Unknown,Unknown,40984.0,48.0,0.8536498546600342
74.0,1741014921.176421,DATA,216.58.206.78,192.168.20.132,UDP,Unknown,1832.0,1832.0,131072.0,16.0,Unknown,Unknown,10962.0,37.0,0.8553469181060791
75.0,1741014921.200225,DATA,192.168.20.132,216.58.206.78,UDP,Unknown,1832.0,1832.0,131072.0,16.0,Unknown,Unknown,41059.0,49.0,0.09981322288513184
738.0,1741014921.200475,DATA,216.58.206.78,192.168.20.132,UDP,Unknown,1832.0,1832.0,131072.0,16.0,Unknown,Unknown,11700.0,38.0,0.02405405044555664
208.0,1741014921.200475,DATA,216.58.206.78,192.168.20.132,UDP,Unknown,1832.0,1832.0,131072.0,16.0,Unknown,Unknown,11908.0,39.0,0.0
81.0,1741014921.216231,DATA,192.168.20.132,216.58.206.78,UDP,Unknown,1832.0,1832.0,131072.0,16.0,Unknown,Unknown,41140.0,50.0,0.016005992889404297
68.0,1741014921.290492,DATA,216.58.206.78,192.168.20.132,UDP,Unknown,1832.0,1832.0,131072.0,16.0,Unknown,Unknown,11976.0,40.0,0.09001708030700684
309.0,1741014924.360776,DATA,192.168.20.132,172.64.41.3,UDP,Unknown,1832.0,1832.0,131072.0,16.0,Unknown,Unknown,20061.0,87.0,3.5442428588867188
309.0,1741014924.360996,DATA,192.168.20.132,172.64.41.3,UDP,Unknown,1832.0,1832.0,131072.0,16.0,Unknown,Unknown,20370.0,88.0,0.0002200603485107422
66.0,1741014924.422576,DATA,172.64.41.3,192.168.20.132,UDP,Unknown,1832.0,1832.0,131072.0,16.0,Unknown,Unknown,37462.0,92.0,3.6356968879699707
626.0,1741014924.426615,DATA,172.64.41.3,192.168.20.132,UDP,Unknown,1832.0,1832.0,131072.0,16.0,Unknown,Unknown,38088.0,93.0,0.00403904914855957
627.0,1741014924.426615,DATA,172.64.41.3,192.168.20.132,UDP,Unknown,1832.0,1832.0,131072.0,16.0,Unknown,Unknown,38715.0,94.0,0.0
87.0,1741014924.448139,DATA,192.168.20.132,172.64.41.3,UDP,Unknown,1832.0,1832.0,131072.0,16.0,Unknown,Unknown,20457.0,89.0,0.0871429443359375
54.0,1741014924.936599,TCP,192.168.20.132,74.248.74.217,TCP,Unknown,51.0,40.0,511.0,16.0,Unknown,Unknown,54.0,1.0,0.007310152053833008
309.0,1741014925.015057,DATA,192.168.20.132,172.64.41.3,UDP,Unknown,1832.0,1832.0,131072.0,16.0,Unknown,Unknown,20766.0,90.0,0.566918134689331
309.0,1741014925.015337,DATA,192.168.20.132,172.64.41.3,UDP,Unknown,1832.0,1832.0,131072.0,16.0,Unknown,Unknown,21075.0,91.0,0.0002799034118652344
66.0,1741014925.075706,DATA,172.64.41.3,192.168.20.132,UDP,Unknown,1832.0,1832.0,131072.0,16.0,Unknown,Unknown,38781.0,95.0,0.6490910053253174
627.0,1741014925.075822,DATA,172.64.41.3,192.168.20.132,UDP,Unknown,1832.0,1832.0,131072.0,16.0,Unknown,Unknown,39408.0,96.0,0.00011610984802246094
627.0,1741014925.075822,DATA,172.64.41.3,192.168.20.132,UDP,Unknown,1832.0,1832.0,131072.0,16.0,Unknown,Unknown,40035.0,97.0,0.0
87.0,1741014925.0932,DATA,192.168.20.132,172.64.41.3,UDP,Unknown,1832.0,1832.0,131072.0,16.0,Unknown,Unknown,21162.0,92.0,0.07786297798156738
1285.0,1741014925.773723,DATA,192.168.20.132,216.58.206.78,UDP,Unknown,1832.0,1832.0,131072.0,16.0,Unknown,Unknown,42425.0,51.0,4.557491779327393
227.0,1741014925.773862,DATA,192.168.20.132,216.58.206.78,UDP,Unknown,1832.0,1832.0,131072.0,16.0,Unknown,Unknown,42652.0,52.0,0.00013899803161621094
74.0,1741014925.870885,DATA,216.58.206.78,192.168.20.132,UDP,Unknown,1832.0,1832.0,131072.0,16.0,Unknown,Unknown,12050.0,41.0,4.580392837524414
75.0,1741014925.888755,DATA,192.168.20.132,216.58.206.78,UDP,Unknown,1832.0,1832.0,131072.0,16.0,Unknown,Unknown,42727.0,53.0,0.11489319801330566
738.0,1741014925.89695,DATA,216.58.206.78,192.168.20.132,UDP,Unknown,1832.0,1832.0,131072.0,16.0,Unknown,Unknown,12788.0,42.0,0.02606511116027832
112.0,1741014925.897265,DATA,216.58.206.78,192.168.20.132,UDP,Unknown,1832.0,1832.0,131072.0,16.0,Unknown,Unknown,12900.0,43.0,0.00031495094299316406
81.0,1741014925.921458,DATA,192.168.20.132,216.58.206.78,UDP,Unknown,1832.0,1832.0,131072.0,16.0,Unknown,Unknown,42808.0,54.0,0.03270292282104492
68.0,1741014925.995557,DATA,216.58.206.78,192.168.20.132,UDP,Unknown,1832.0,1832.0,131072.0,16.0,Unknown,Unknown,12968.0,44.0,0.09829211235046387
309.0,1741014927.66353,DATA,192.168.20.132,172.64.41.3,UDP,Unknown,1832.0,1832.0,131072.0,16.0,Unknown,Unknown,21471.0,93.0,2.5703301429748535
309.0,1741014927.663802,DATA,192.168.20.132,172.64.41.3,UDP,Unknown,1832.0,1832.0,131072.0,16.0,Unknown,Unknown,21780.0,94.0,0.00027179718017578125
67.0,1741014927.723871,DATA,172.64.41.3,192.168.20.132,UDP,Unknown,1832.0,1832.0,131072.0,16.0,Unknown,Unknown,40102.0,98.0,2.6480488777160645
67.0,1741014927.723871,DATA,172.64.41.3,192.168.20.132,UDP,Unknown,1832.0,1832.0,131072.0,16.0,Unknown,Unknown,40169.0,99.0,0.0
627.0,1741014927.724873,DATA,172.64.41.3,192.168.20.132,UDP,Unknown,1832.0,1832.0,131072.0,16.0,Unknown,Unknown,40796.0,100.0,0.0010020732879638672
627.0,1741014927.724873,DATA,172.64.41.3,192.168.20.132,UDP,Unknown,1832.0,1832.0,131072.0,16.0,Unknown,Unknown,41423.0,101.0,0.0
87.0,1741014927.744054,DATA,192.168.20.132,172.64.41.3,UDP,Unknown,1832.0,1832.0,131072.0,16.0,Unknown,Unknown,21867.0,95.0,0.08025217056274414
300.0,1741014930.218267,DATA,192.168.20.132,172.64.41.3,UDP,Unknown,1832.0,1832.0,131072.0,16.0,Unknown,Unknown,22167.0,96.0,2.474212884902954
300.0,1741014930.21843,DATA,192.168.20.132,172.64.41.3,UDP,Unknown,1832.0,1832.0,131072.0,16.0,Unknown,Unknown,22467.0,97.0,0.00016307830810546875
66.0,1741014930.294773,DATA,172.64.41.3,192.168.20.132,UDP,Unknown,1832.0,1832.0,131072.0,16.0,Unknown,Unknown,41489.0,102.0,2.5699000358581543
627.0,1741014930.294773,DATA,172.64.41.3,192.168.20.132,UDP,Unknown,1832.0,1832.0,131072.0,16.0,Unknown,Unknown,42116.0,103.0,0.0
627.0,1741014930.294773,DATA,172.64.41.3,192.168.20.132,UDP,Unknown,1832.0,1832.0,131072.0,16.0,Unknown,Unknown,42743.0,104.0,0.0
87.0,1741014930.320271,DATA,192.168.20.132,172.64.41.3,UDP,Unknown,1832.0,1832.0,131072.0,16.0,Unknown,Unknown,22554.0,98.0,0.10184097290039062
309.0,1741014932.440355,DATA,192.168.20.132,172.64.41.3,UDP,Unknown,1832.0,1832.0,131072.0,16.0,Unknown,Unknown,22863.0,99.0,2.120084047317505
309.0,1741014932.440607,DATA,192.168.20.132,172.64.41.3,UDP,Unknown,1832.0,1832.0,131072.0,16.0,Unknown,Unknown,23172.0,100.0,0.00025200843811035156
66.0,1741014932.500791,DATA,172.64.41.3,192.168.20.132,UDP,Unknown,1832.0,1832.0,131072.0,16.0,Unknown,Unknown,42809.0,105.0,2.2060179710388184
627.0,1741014932.501588,DATA,172.64.41.3,192.168.20.132,UDP,Unknown,1832.0,1832.0,131072.0,16.0,Unknown,Unknown,43436.0,106.0,0.0007970333099365234
627.0,1741014932.501588,DATA,172.64.41.3,192.168.20.132,UDP,Unknown,1832.0,1832.0,131072.0,16.0,Unknown,Unknown,44063.0,107.0,0.0
87.0,1741014932.527452,DATA,192.168.20.132,172.64.41.3,UDP,Unknown,1832.0,1832.0,131072.0,16.0,Unknown,Unknown,23259.0,101.0,0.08684492111206055
1285.0,1741014937.675888,DATA,192.168.20.132,216.58.206.78,UDP,Unknown,1832.0,1832.0,131072.0,16.0,Unknown,Unknown,44093.0,55.0,11.754430055618286
1292.0,1741014937.675948,DATA,192.168.20.132,216.58.206.78,UDP,Unknown,1832.0,1832.0,131072.0,16.0,Unknown,Unknown,45385.0,56.0,5.984306335449219e-05
1292.0,1741014937.676017,DATA,192.168.20.132,216.58.206.78,UDP,Unknown,1832.0,1832.0,131072.0,16.0,Unknown,Unknown,46677.0,57.0,6.914138793945312e-05
1292.0,1741014937.676028,DATA,192.168.20.132,216.58.206.78,UDP,Unknown,1832.0,1832.0,131072.0,16.0,Unknown,Unknown,47969.0,58.0,1.0967254638671875e-05
1292.0,1741014937.676038,DATA,192.168.20.132,216.58.206.78,UDP,Unknown,1832.0,1832.0,131072.0,16.0,Unknown,Unknown,49261.0,59.0,1.0013580322265625e-05
1292.0,1741014937.676052,DATA,192.168.20.132,216.58.206.78,UDP,Unknown,1832.0,1832.0,131072.0,16.0,Unknown,Unknown,50553.0,60.0,1.4066696166992188e-05
310.0,1741014937.676065,DATA,192.168.20.132,216.58.206.78,UDP,Unknown,1832.0,1832.0,131072.0,16.0,Unknown,Unknown,50863.0,61.0,1.2874603271484375e-05
1285.0,1741014937.676585,DATA,192.168.20.132,216.58.206.78,UDP,Unknown,1832.0,1832.0,131072.0,16.0,Unknown,Unknown,52148.0,62.0,0.0005199909210205078
1292.0,1741014937.67661,DATA,192.168.20.132,216.58.206.78,UDP,Unknown,1832.0,1832.0,131072.0,16.0,Unknown,Unknown,53440.0,63.0,2.5033950805664062e-05
1292.0,1741014937.676625,DATA,192.168.20.132,216.58.206.78,UDP,Unknown,1832.0,1832.0,131072.0,16.0,Unknown,Unknown,54732.0,64.0,1.5020370483398438e-05
1292.0,1741014937.67664,DATA,192.168.20.132,216.58.206.78,UDP,Unknown,1832.0,1832.0,131072.0,16.0,Unknown,Unknown,56024.0,65.0,1.5020370483398438e-05
1292.0,1741014937.676654,DATA,192.168.20.132,216.58.206.78,UDP,Unknown,1832.0,1832.0,131072.0,16.0,Unknown,Unknown,57316.0,66.0,1.4066696166992188e-05
1292.0,1741014937.685986,DATA,192.168.20.132,216.58.206.78,UDP,Unknown,1832.0,1832.0,131072.0,16.0,Unknown,Unknown,58608.0,67.0,0.009331941604614258
1292.0,1741014937.68607,DATA,192.168.20.132,216.58.206.78,UDP,Unknown,1832.0,1832.0,131072.0,16.0,Unknown,Unknown,59900.0,68.0,8.392333984375e-05
1206.0,1741014937.686092,DATA,192.168.20.132,216.58.206.78,UDP,Unknown,1832.0,1832.0,131072.0,16.0,Unknown,Unknown,61106.0,69.0,2.193450927734375e-05
75.0,1741014937.759527,DATA,216.58.206.78,192.168.20.132,UDP,Unknown,1832.0,1832.0,131072.0,16.0,Unknown,Unknown,13043.0,45.0,11.763969898223877
68.0,1741014937.773911,DATA,216.58.206.78,192.168.20.132,UDP,Unknown,1832.0,1832.0,131072.0,16.0,Unknown,Unknown,13111.0,46.0,0.014384031295776367
75.0,1741014937.783019,DATA,192.168.20.132,216.58.206.78,UDP,Unknown,1832.0,1832.0,131072.0,16.0,Unknown,Unknown,61181.0,70.0,0.09692716598510742
737.0,1741014937.835525,DATA,216.58.206.78,192.168.20.132,UDP,Unknown,1832.0,1832.0,131072.0,16.0,Unknown,Unknown,13848.0,47.0,0.061614036560058594
141.0,1741014937.835525,DATA,216.58.206.78,192.168.20.132,UDP,Unknown,1832.0,1832.0,131072.0,16.0,Unknown,Unknown,13989.0,48.0,0.0
81.0,1741014937.856225,DATA,192.168.20.132,216.58.206.78,UDP,Unknown,1832.0,1832.0,131072.0,16.0,Unknown,Unknown,61262.0,71.0,0.07320594787597656
691.0,1741014937.883051,DATA,216.58.206.78,192.168.20.132,UDP,Unknown,1832.0,1832.0,131072.0,16.0,Unknown,Unknown,14680.0,49.0,0.047525882720947266
80.0,1741014937.883051,DATA,216.58.206.78,192.168.20.132,UDP,Unknown,1832.0,1832.0,131072.0,16.0,Unknown,Unknown,14760.0,50.0,0.0
81.0,1741014937.905078,DATA,192.168.20.132,216.58.206.78,UDP,Unknown,1832.0,1832.0,131072.0,16.0,Unknown,Unknown,61343.0,72.0,0.04885292053222656
68.0,1741014937.931113,DATA,216.58.206.78,192.168.20.132,UDP,Unknown,1832.0,1832.0,131072.0,16.0,Unknown,Unknown,14828.0,51.0,0.04806208610534668
68.0,1741014937.980418,DATA,216.58.206.78,192.168.20.132,UDP,Unknown,1832.0,1832.0,131072.0,16.0,Unknown,Unknown,14896.0,52.0,0.049304962158203125
309.0,1741014938.509388,DATA,192.168.20.132,172.64.41.3,UDP,Unknown,1832.0,1832.0,131072.0,16.0,Unknown,Unknown,23568.0,102.0,5.981935977935791
309.0,1741014938.509694,DATA,192.168.20.132,172.64.41.3,UDP,Unknown,1832.0,1832.0,131072.0,16.0,Unknown,Unknown,23877.0,103.0,0.00030612945556640625
66.0,1741014938.570392,DATA,172.64.41.3,192.168.20.132,UDP,Unknown,1832.0,1832.0,131072.0,16.0,Unknown,Unknown,44129.0,108.0,6.068803787231445
627.0,1741014938.570392,DATA,172.64.41.3,192.168.20.132,UDP,Unknown,1832.0,1832.0,131072.0,16.0,Unknown,Unknown,44756.0,109.0,0.0
627.0,1741014938.570392,DATA,172.64.41.3,192.168.20.132,UDP,Unknown,1832.0,1832.0,131072.0,16.0,Unknown,Unknown,45383.0,110.0,0.0
87.0,1741014938.59763,DATA,192.168.20.132,172.64.41.3,UDP,Unknown,1832.0,1832.0,131072.0,16.0,Unknown,Unknown,23964.0,104.0,0.0879359245300293
64.0,1741014938.656963,DATA,172.64.41.3,192.168.20.132,UDP,Unknown,1832.0,1832.0,131072.0,16.0,Unknown,Unknown,45447.0,111.0,0.08657121658325195
87.0,1741014938.688311,DATA,192.168.20.132,172.64.41.3,UDP,Unknown,1832.0,1832.0,131072.0,16.0,Unknown,Unknown,24051.0,105.0,0.09068107604980469
780.0,1741014940.349444,DATA,192.168.20.132,216.58.206.78,UDP,Unknown,1832.0,1832.0,131072.0,16.0,Unknown,Unknown,62123.0,73.0,2.444365978240967
74.0,1741014940.434689,DATA,216.58.206.78,192.168.20.132,UDP,Unknown,1832.0,1832.0,131072.0,16.0,Unknown,Unknown,14970.0,53.0,2.454271078109741
75.0,1741014940.455769,DATA,192.168.20.132,216.58.206.78,UDP,Unknown,1832.0,1832.0,131072.0,16.0,Unknown,Unknown,62198.0,74.0,0.10632514953613281
738.0,1741014940.463555,DATA,216.58.206.78,192.168.20.132,UDP,Unknown,1832.0,1832.0,131072.0,16.0,Unknown,Unknown,15708.0,54.0,0.028866052627563477
290.0,1741014940.463555,DATA,216.58.206.78,192.168.20.132,UDP,Unknown,1832.0,1832.0,131072.0,16.0,Unknown,Unknown,15998.0,55.0,0.0
81.0,1741014940.480555,DATA,192.168.20.132,216.58.206.78,UDP,Unknown,1832.0,1832.0,131072.0,16.0,Unknown,Unknown,62279.0,75.0,0.024785995483398438
68.0,1741014940.554162,DATA,216.58.206.78,192.168.20.132,UDP,Unknown,1832.0,1832.0,131072.0,16.0,Unknown,Unknown,16066.0,56.0,0.0906069278717041
1285.0,1741014942.403917,DATA,192.168.20.132,216.58.206.78,UDP,Unknown,1832.0,1832.0,131072.0,16.0,Unknown,Unknown,63564.0,76.0,1.9233620166778564
1292.0,1741014942.403984,DATA,192.168.20.132,216.58.206.78,UDP,Unknown,1832.0,1832.0,131072.0,16.0,Unknown,Unknown,64856.0,77.0,6.699562072753906e-05
1292.0,1741014942.403995,DATA,192.168.20.132,216.58.206.78,UDP,Unknown,1832.0,1832.0,131072.0,16.0,Unknown,Unknown,66148.0,78.0,1.0967254638671875e-05
1074.0,1741014942.404005,DATA,192.168.20.132,216.58.206.78,UDP,Unknown,1832.0,1832.0,131072.0,16.0,Unknown,Unknown,67222.0,79.0,1.0013580322265625e-05
74.0,1741014942.478614,DATA,216.58.206.78,192.168.20.132,UDP,Unknown,1832.0,1832.0,131072.0,16.0,Unknown,Unknown,16140.0,57.0,1.9244520664215088
75.0,1741014942.503721,DATA,192.168.20.132,216.58.206.78,UDP,Unknown,1832.0,1832.0,131072.0,16.0,Unknown,Unknown,67297.0,80.0,0.0997159481048584
738.0,1741014942.521585,DATA,216.58.206.78,192.168.20.132,UDP,Unknown,1832.0,1832.0,131072.0,16.0,Unknown,Unknown,16878.0,58.0,0.042970895767211914
220.0,1741014942.522551,DATA,216.58.206.78,192.168.20.132,UDP,Unknown,1832.0,1832.0,131072.0,16.0,Unknown,Unknown,17098.0,59.0,0.0009660720825195312
81.0,1741014942.544188,DATA,192.168.20.132,216.58.206.78,UDP,Unknown,1832.0,1832.0,131072.0,16.0,Unknown,Unknown,67378.0,81.0,0.040467023849487305
68.0,1741014942.622766,DATA,216.58.206.78,192.168.20.132,UDP,Unknown,1832.0,1832.0,131072.0,16.0,Unknown,Unknown,17166.0,60.0,0.10021495819091797
1285.0,1741014942.956391,DATA,192.168.20.132,216.58.206.78,UDP,Unknown,1832.0,1832.0,131072.0,16.0,Unknown,Unknown,68663.0,82.0,0.4122030735015869
1292.0,1741014942.956433,DATA,192.168.20.132,216.58.206.78,UDP,Unknown,1832.0,1832.0,131072.0,16.0,Unknown,Unknown,69955.0,83.0,4.1961669921875e-05
776.0,1741014942.956446,DATA,192.168.20.132,216.58.206.78,UDP,Unknown,1832.0,1832.0,131072.0,16.0,Unknown,Unknown,70731.0,84.0,1.2874603271484375e-05
74.0,1741014943.03923,DATA,216.58.206.78,192.168.20.132,UDP,Unknown,1832.0,1832.0,131072.0,16.0,Unknown,Unknown,17240.0,61.0,0.41646409034729004
75.0,1741014943.058993,DATA,192.168.20.132,216.58.206.78,UDP,Unknown,1832.0,1832.0,131072.0,16.0,Unknown,Unknown,70806.0,85.0,0.10254716873168945
739.0,1741014943.065668,DATA,216.58.206.78,192.168.20.132,UDP,Unknown,1832.0,1832.0,131072.0,16.0,Unknown,Unknown,17979.0,62.0,0.026437997817993164
314.0,1741014943.066177,DATA,216.58.206.78,192.168.20.132,UDP,Unknown,1832.0,1832.0,131072.0,16.0,Unknown,Unknown,18293.0,63.0,0.0005087852478027344
81.0,1741014943.091579,DATA,192.168.20.132,216.58.206.78,UDP,Unknown,1832.0,1832.0,131072.0,16.0,Unknown,Unknown,70887.0,86.0,0.032585859298706055
68.0,1741014943.165656,DATA,216.58.206.78,192.168.20.132,UDP,Unknown,1832.0,1832.0,131072.0,16.0,Unknown,Unknown,18361.0,64.0,0.09947919845581055
1285.0,1741014945.234883,DATA,192.168.20.132,216.58.206.78,UDP,Unknown,1832.0,1832.0,131072.0,16.0,Unknown,Unknown,72172.0,87.0,2.1433041095733643
1292.0,1741014945.234961,DATA,192.168.20.132,216.58.206.78,UDP,Unknown,1832.0,1832.0,131072.0,16.0,Unknown,Unknown,73464.0,88.0,7.796287536621094e-05
1292.0,1741014945.234974,DATA,192.168.20.132,216.58.206.78,UDP,Unknown,1832.0,1832.0,131072.0,16.0,Unknown,Unknown,74756.0,89.0,1.2874603271484375e-05
638.0,1741014945.234986,DATA,192.168.20.132,216.58.206.78,UDP,Unknown,1832.0,1832.0,131072.0,16.0,Unknown,Unknown,75394.0,90.0,1.2159347534179688e-05
74.0,1741014945.310877,DATA,216.58.206.78,192.168.20.132,UDP,Unknown,1832.0,1832.0,131072.0,16.0,Unknown,Unknown,18435.0,65.0,2.145220994949341
75.0,1741014945.330262,DATA,192.168.20.132,216.58.206.78,UDP,Unknown,1832.0,1832.0,131072.0,16.0,Unknown,Unknown,75469.0,91.0,0.09527587890625
742.0,1741014945.346203,DATA,216.58.206.78,192.168.20.132,UDP,Unknown,1832.0,1832.0,131072.0,16.0,Unknown,Unknown,19177.0,66.0,0.03532600402832031
249.0,1741014945.346203,DATA,216.58.206.78,192.168.20.132,UDP,Unknown,1832.0,1832.0,131072.0,16.0,Unknown,Unknown,19426.0,67.0,0.0
81.0,1741014945.363543,DATA,192.168.20.132,216.58.206.78,UDP,Unknown,1832.0,1832.0,131072.0,16.0,Unknown,Unknown,75550.0,92.0,0.03328108787536621
68.0,1741014945.437368,DATA,216.58.206.78,192.168.20.132,UDP,Unknown,1832.0,1832.0,131072.0,16.0,Unknown,Unknown,19494.0,68.0,0.09116482734680176
309.0,1741014949.168017,DATA,192.168.20.132,172.64.41.3,UDP,Unknown,1832.0,1832.0,131072.0,16.0,Unknown,Unknown,24360.0,106.0,10.479705810546875
309.0,1741014949.16813,DATA,192.168.20.132,172.64.41.3,UDP,Unknown,1832.0,1832.0,131072.0,16.0,Unknown,Unknown,24669.0,107.0,0.00011301040649414062
67.0,1741014949.228663,DATA,172.64.41.3,192.168.20.132,UDP,Unknown,1832.0,1832.0,131072.0,16.0,Unknown,Unknown,45514.0,112.0,10.571699857711792
627.0,1741014949.228663,DATA,172.64.41.3,192.168.20.132,UDP,Unknown,1832.0,1832.0,131072.0,16.0,Unknown,Unknown,46141.0,113.0,0.0
66.0,1741014949.238272,DATA,172.64.41.3,192.168.20.132,UDP,Unknown,1832.0,1832.0,131072.0,16.0,Unknown,Unknown,46207.0,114.0,0.009608983993530273
627.0,1741014949.238272,DATA,172.64.41.3,192.168.20.132,UDP,Unknown,1832.0,1832.0,131072.0,16.0,Unknown,Unknown,46834.0,115.0,0.0
87.0,1741014949.244382,DATA,192.168.20.132,172.64.41.3,UDP,Unknown,1832.0,1832.0,131072.0,16.0,Unknown,Unknown,24756.0,108.0,0.07625198364257812
1285.0,1741014950.795824,DATA,192.168.20.132,216.58.206.78,UDP,Unknown,1832.0,1832.0,131072.0,16.0,Unknown,Unknown,76835.0,93.0,5.432281017303467
151.0,1741014950.79598,DATA,192.168.20.132,216.58.206.78,UDP,Unknown,1832.0,1832.0,131072.0,16.0,Unknown,Unknown,76986.0,94.0,0.00015592575073242188
74.0,1741014950.88952,DATA,216.58.206.78,192.168.20.132,UDP,Unknown,1832.0,1832.0,131072.0,16.0,Unknown,Unknown,19568.0,69.0,5.4521520137786865
75.0,1741014950.910921,DATA,192.168.20.132,216.58.206.78,UDP,Unknown,1832.0,1832.0,131072.0,16.0,Unknown,Unknown,77061.0,95.0,0.11494112014770508
749.0,1741014950.933914,DATA,216.58.206.78,192.168.20.132,UDP,Unknown,1832.0,1832.0,131072.0,16.0,Unknown,Unknown,20317.0,70.0,0.04439401626586914
81.0,1741014950.959594,DATA,192.168.20.132,216.58.206.78,UDP,Unknown,1832.0,1832.0,131072.0,16.0,Unknown,Unknown,77142.0,96.0,0.04867291450500488
68.0,1741014951.033926,DATA,216.58.206.78,192.168.20.132,UDP,Unknown,1832.0,1832.0,131072.0,16.0,Unknown,Unknown,20385.0,71.0,0.10001206398010254
60.0,1741014952.141384,TCP,20.199.120.182,192.168.20.132,TCP,Unknown,742.0,268.0,7525.0,16.0,Unknown,Unknown,120.0,2.0,31.798531770706177
309.0,1741014952.154015,DATA,192.168.20.132,172.64.41.3,UDP,Unknown,1832.0,1832.0,131072.0,16.0,Unknown,Unknown,25065.0,109.0,2.909633159637451
309.0,1741014952.154206,DATA,192.168.20.132,172.64.41.3,UDP,Unknown,1832.0,1832.0,131072.0,16.0,Unknown,Unknown,25374.0,110.0,0.00019097328186035156
66.0,1741014952.216746,DATA,172.64.41.3,192.168.20.132,UDP,Unknown,1832.0,1832.0,131072.0,16.0,Unknown,Unknown,46900.0,116.0,2.9784741401672363
627.0,1741014952.216746,DATA,172.64.41.3,192.168.20.132,UDP,Unknown,1832.0,1832.0,131072.0,16.0,Unknown,Unknown,47527.0,117.0,0.0
627.0,1741014952.224017,DATA,172.64.41.3,192.168.20.132,UDP,Unknown,1832.0,1832.0,131072.0,16.0,Unknown,Unknown,48154.0,118.0,0.00727081298828125
87.0,1741014952.2412,DATA,192.168.20.132,172.64.41.3,UDP,Unknown,1832.0,1832.0,131072.0,16.0,Unknown,Unknown,25461.0,111.0,0.08699393272399902
1285.0,1741014956.811115,DATA,192.168.20.132,216.58.206.78,UDP,Unknown,1832.0,1832.0,131072.0,16.0,Unknown,Unknown,78427.0,97.0,5.851521015167236
1292.0,1741014956.811392,DATA,192.168.20.132,216.58.206.78,UDP,Unknown,1832.0,1832.0,131072.0,16.0,Unknown,Unknown,79719.0,98.0,0.0002770423889160156
1292.0,1741014956.811412,DATA,192.168.20.132,216.58.206.78,UDP,Unknown,1832.0,1832.0,131072.0,16.0,Unknown,Unknown,81011.0,99.0,2.002716064453125e-05
1292.0,1741014956.811427,DATA,192.168.20.132,216.58.206.78,UDP,Unknown,1832.0,1832.0,131072.0,16.0,Unknown,Unknown,82303.0,100.0,1.5020370483398438e-05
1292.0,1741014956.811459,DATA,192.168.20.132,216.58.206.78,UDP,Unknown,1832.0,1832.0,131072.0,16.0,Unknown,Unknown,83595.0,101.0,3.1948089599609375e-05
1140.0,1741014956.811473,DATA,192.168.20.132,216.58.206.78,UDP,Unknown,1832.0,1832.0,131072.0,16.0,Unknown,Unknown,84735.0,102.0,1.3828277587890625e-05
74.0,1741014956.88588,DATA,216.58.206.78,192.168.20.132,UDP,Unknown,1832.0,1832.0,131072.0,16.0,Unknown,Unknown,20459.0,72.0,5.851953983306885
75.0,1741014956.905793,DATA,192.168.20.132,216.58.206.78,UDP,Unknown,1832.0,1832.0,131072.0,16.0,Unknown,Unknown,84810.0,103.0,0.09432005882263184
742.0,1741014956.919643,DATA,216.58.206.78,192.168.20.132,UDP,Unknown,1832.0,1832.0,131072.0,16.0,Unknown,Unknown,21201.0,73.0,0.03376293182373047
266.0,1741014956.919643,DATA,216.58.206.78,192.168.20.132,UDP,Unknown,1832.0,1832.0,131072.0,16.0,Unknown,Unknown,21467.0,74.0,0.0
309.0,1741014956.925635,DATA,192.168.20.132,172.64.41.3,UDP,Unknown,1832.0,1832.0,131072.0,16.0,Unknown,Unknown,25770.0,112.0,4.684435129165649
309.0,1741014956.925792,DATA,192.168.20.132,172.64.41.3,UDP,Unknown,1832.0,1832.0,131072.0,16.0,Unknown,Unknown,26079.0,113.0,0.00015687942504882812
81.0,1741014956.939032,DATA,192.168.20.132,216.58.206.78,UDP,Unknown,1832.0,1832.0,131072.0,16.0,Unknown,Unknown,84891.0,104.0,0.033239126205444336
66.0,1741014956.986229,DATA,172.64.41.3,192.168.20.132,UDP,Unknown,1832.0,1832.0,131072.0,16.0,Unknown,Unknown,48220.0,119.0,4.762212038040161
627.0,1741014956.986523,DATA,172.64.41.3,192.168.20.132,UDP,Unknown,1832.0,1832.0,131072.0,16.0,Unknown,Unknown,48847.0,120.0,0.00029397010803222656
627.0,1741014956.987253,DATA,172.64.41.3,192.168.20.132,UDP,Unknown,1832.0,1832.0,131072.0,16.0,Unknown,Unknown,49474.0,121.0,0.0007300376892089844
87.0,1741014957.005267,DATA,192.168.20.132,172.64.41.3,UDP,Unknown,1832.0,1832.0,131072.0,16.0,Unknown,Unknown,26166.0,114.0,0.07947492599487305
68.0,1741014957.0135,DATA,216.58.206.78,192.168.20.132,UDP,Unknown,1832.0,1832.0,131072.0,16.0,Unknown,Unknown,21535.0,75.0,0.0938570499420166
1285.0,1741014959.110101,DATA,192.168.20.132,216.58.206.78,UDP,Unknown,1832.0,1832.0,131072.0,16.0,Unknown,Unknown,86176.0,105.0,2.1710689067840576
