packet_size,timestamp,protocol,ip_src,ip_dst,transport,tls_version,tcp_seq,tcp_ack,tcp_window,tcp_flags,tcp_srcport,tcp_dstport,inter_packet_time,flow_size,flow_volume,packets_per_flow,tcp_retransmissions,payload_entropy,tls_handshake_type,tls_cipher_suite,tls_cert_subject,tls_cert_issuer
66,1739284736.167452,TCP,10.12.16.216,204.79.197.203,TCP,Unknown,0,0,64240,2,51495,443,0.00789499282836914,1,66,1,0,,,Unknown,,
66,1739284736.221003,TCP,204.79.197.203,10.12.16.216,TCP,Unknown,0,1,65535,18,443,51495,0.009763956069946289,1,66,1,1,,,Unknown,,
54,1739284736.221093,TCP,10.12.16.216,204.79.197.203,TCP,Unknown,1,1,131072,16,51495,443,8.988380432128906e-05,2,120,2,0,,,Unknown,,
459,1739284736.221529,TLS,10.12.16.216,204.79.197.203,TCP,0x0301,1381,1,131072,24,51495,443,0.0004360675811767578,3,579,3,0,,1.0,Unknown,,
56,1739284736.274616,TCP,204.79.197.203,10.12.16.216,TCP,Unknown,1,1381,4195072,16,443,51495,0.020375967025756836,2,122,2,1,,,Unknown,,
56,1739284736.274616,TCP,204.79.197.203,10.12.16.216,TCP,Unknown,1,1786,4194560,16,443,51495,0.0,3,178,3,1,,,Unknown,,
153,1739284736.274616,TLS,204.79.197.203,10.12.16.216,TCP,0x0303,1,1786,4194560,24,443,51495,0.0,4,331,4,1,,2.0,Unknown,,
685,1739284736.27546,TLS,10.12.16.216,204.79.197.203,TCP,0x0303,1786,100,130816,24,51495,443,0.0008440017700195312,4,1264,4,0,,1.0,Unknown,,
56,1739284736.329919,TCP,204.79.197.203,10.12.16.216,TCP,Unknown,100,2417,4194048,16,443,51495,0.0049571990966796875,5,387,5,0,,,Unknown,,
1434,1739284736.330672,TLS,204.79.197.203,10.12.16.216,TCP,0x0303,100,2417,4194048,16,443,51495,0.0007529258728027344,6,1821,6,1,,2.0,Unknown,,
1434,1739284736.330672,TCP,204.79.197.203,10.12.16.216,TCP,Unknown,1480,2417,4194048,16,443,51495,0.0,7,3255,7,0,,,Unknown,,
1434,1739284736.330672,TCP,204.79.197.203,10.12.16.216,TCP,Unknown,2860,2417,4194048,16,443,51495,0.0,8,4689,8,0,,,Unknown,,
1434,1739284736.330672,TCP,204.79.197.203,10.12.16.216,TCP,Unknown,4240,2417,4194048,16,443,51495,0.0,9,6123,9,0,,,Unknown,,
565,1739284736.330672,TLS,204.79.197.203,10.12.16.216,TCP,0x0303,5620,2417,4194048,24,443,51495,0.0,10,6688,10,0,,,Unknown,,
54,1739284736.330751,TCP,10.12.16.216,204.79.197.203,TCP,Unknown,2417,6131,131072,16,51495,443,7.891654968261719e-05,5,1318,5,0,,,Unknown,,
128,1739284736.334382,TLS,10.12.16.216,204.79.197.203,TCP,0x0303,2417,6131,131072,24,51495,443,0.002001047134399414,6,1446,6,1,,,Unknown,,
146,1739284736.33473,TLS,10.12.16.216,204.79.197.203,TCP,0x0303,2491,6131,131072,24,51495,443,0.0003478527069091797,7,1592,7,0,,,Unknown,,
1434,1739284736.33511,TCP,10.12.16.216,204.79.197.203,TCP,Unknown,3963,6131,131072,16,51495,443,0.00023293495178222656,8,3026,8,0,,,Unknown,,
1434,1739284736.33511,TCP,10.12.16.216,204.79.197.203,TCP,Unknown,5343,6131,131072,16,51495,443,0.0,9,4460,9,0,,,Unknown,,
1051,1739284736.33511,TLS,10.12.16.216,204.79.197.203,TCP,0x0303,6723,6131,131072,24,51495,443,0.0,10,5511,10,0,,,Unknown,,
66,1739284736.361307,TCP,10.12.16.216,52.236.29.249,TCP,Unknown,0,0,64240,2,51496,443,0.0038399696350097656,1,66,1,1,,,Unknown,,
56,1739284736.386241,TCP,204.79.197.203,10.12.16.216,TCP,Unknown,6131,2583,4193792,16,443,51495,0.015186071395874023,11,6744,11,0,,,Unknown,,
513,1739284736.386241,TLS,204.79.197.203,10.12.16.216,TCP,0x0303,6131,2583,4193792,24,443,51495,0.0,12,7257,12,1,,,Unknown,,
116,1739284736.386241,TLS,204.79.197.203,10.12.16.216,TCP,0x0303,6590,2583,4193792,24,443,51495,0.0,13,7373,13,0,,,Unknown,,
54,1739284736.386321,TCP,10.12.16.216,204.79.197.203,TCP,Unknown,7720,6652,130560,16,51495,443,8.0108642578125e-05,11,5565,11,0,,,Unknown,,
85,1739284736.38652,TLS,10.12.16.216,204.79.197.203,TCP,0x0303,7720,6652,130560,24,51495,443,0.00019884109497070312,12,5650,12,1,,,Unknown,,
85,1739284736.393615,TLS,204.79.197.203,10.12.16.216,TCP,0x0303,6652,3963,4195072,24,443,51495,0.0070950984954833984,14,7458,14,0,,,Unknown,,
56,1739284736.393615,TCP,204.79.197.203,10.12.16.216,TCP,Unknown,6683,5343,4195072,16,443,51495,0.0,15,7514,15,0,,,Unknown,,
56,1739284736.393615,TCP,204.79.197.203,10.12.16.216,TCP,Unknown,6683,7720,4195072,16,443,51495,0.0,16,7570,16,1,,,Unknown,,
333,1739284736.3942,TLS,10.12.16.216,20.190.181.2,TCP,0x0303,1,1,510,24,51442,443,0.0005850791931152344,1,333,1,1,,,Unknown,,
1434,1739284736.394256,TCP,10.12.16.216,20.190.181.2,TCP,Unknown,1660,1,510,16,51442,443,5.602836608886719e-05,2,1767,2,0,,,Unknown,,
1434,1739284736.394256,TCP,10.12.16.216,20.190.181.2,TCP,Unknown,3040,1,510,16,51442,443,0.0,3,3201,3,0,,,Unknown,,
1434,1739284736.394256,TCP,10.12.16.216,20.190.181.2,TCP,Unknown,4420,1,510,16,51442,443,0.0,4,4635,4,0,,,Unknown,,
1412,1739284736.394256,TLS,10.12.16.216,20.190.181.2,TCP,0x0303,5800,1,510,24,51442,443,0.0,5,6047,5,0,,,Unknown,,
54,1739284736.435291,TCP,10.12.16.216,204.79.197.203,TCP,Unknown,7751,6683,130304,16,51495,443,0.00892496109008789,13,5704,13,0,,,Unknown,,
56,1739284736.438006,TCP,204.79.197.203,10.12.16.216,TCP,Unknown,6683,7751,4195072,16,443,51495,0.002714872360229492,17,7626,17,1,,,Unknown,,
66,1739284736.442416,TCP,52.236.29.249,10.12.16.216,TCP,Unknown,0,1,64240,18,443,51496,0.0044100284576416016,1,66,1,1,,,Unknown,,
54,1739284736.442487,TCP,10.12.16.216,52.236.29.249,TCP,Unknown,1,1,131072,16,51496,443,7.104873657226562e-05,2,120,2,1,,,Unknown,,
418,1739284736.4429,TLS,10.12.16.216,52.236.29.249,TCP,0x0301,1381,1,131072,24,51496,443,0.00041294097900390625,3,538,3,1,,1.0,Unknown,,
1434,1739284736.446211,TCP,204.79.197.203,10.12.16.216,TCP,Unknown,8063,7751,4195072,16,443,51495,0.0033111572265625,18,9060,18,0,,,Unknown,,
1434,1739284736.446211,TCP,204.79.197.203,10.12.16.216,TCP,Unknown,9443,7751,4195072,16,443,51495,0.0,19,10494,19,0,,,Unknown,,
1434,1739284736.446211,TCP,204.79.197.203,10.12.16.216,TCP,Unknown,10823,7751,4195072,16,443,51495,0.0,20,11928,20,0,,,Unknown,,
54,1739284736.446274,TCP,10.12.16.216,204.79.197.203,TCP,Unknown,7751,12203,131072,16,51495,443,6.29425048828125e-05,14,5758,14,1,,,Unknown,,
567,1739284736.446425,TLS,204.79.197.203,10.12.16.216,TCP,0x0303,12203,7751,4195072,24,443,51495,0.00015091896057128906,21,12495,21,0,,,Unknown,,
1434,1739284736.446425,TCP,204.79.197.203,10.12.16.216,TCP,Unknown,14096,7751,4195072,16,443,51495,0.0,22,13929,22,0,,,Unknown,,
1225,1739284736.446425,TLS,204.79.197.203,10.12.16.216,TCP,0x0303,15476,7751,4195072,24,443,51495,0.0,23,15154,23,0,,,Unknown,,
275,1739284736.446425,TLS,204.79.197.203,10.12.16.216,TCP,0x0303,16647,7751,4195072,24,443,51495,0.0,24,15429,24,0,,,Unknown,,
54,1739284736.446465,TCP,10.12.16.216,204.79.197.203,TCP,Unknown,7751,16868,131072,16,51495,443,4.00543212890625e-05,15,5812,15,1,,,Unknown,,
1434,1739284736.446625,TCP,204.79.197.203,10.12.16.216,TCP,Unknown,18248,7751,4195072,16,443,51495,0.00015997886657714844,25,16863,25,0,,,Unknown,,
54,1739284736.446648,TCP,10.12.16.216,204.79.197.203,TCP,Unknown,7751,19628,131072,16,51495,443,2.288818359375e-05,16,5866,16,1,,,Unknown,,
1421,1739284736.446689,TLS,204.79.197.203,10.12.16.216,TCP,0x0303,19628,7751,4195072,24,443,51495,4.100799560546875e-05,26,18284,26,0,,,Unknown,,
54,1739284736.446706,TCP,10.12.16.216,204.79.197.203,TCP,Unknown,7751,22375,131072,16,51495,443,1.71661376953125e-05,17,5920,17,1,,,Unknown,,
1434,1739284736.446879,TCP,204.79.197.203,10.12.16.216,TCP,Unknown,22375,7751,4195072,16,443,51495,0.0001728534698486328,27,19718,27,0,,,Unknown,,
1366,1739284736.446879,TLS,204.79.197.203,10.12.16.216,TCP,0x0303,23755,7751,4195072,24,443,51495,0.0,28,21084,28,0,,,Unknown,,
134,1739284736.446879,TLS,204.79.197.203,10.12.16.216,TCP,0x0303,25067,7751,4195072,24,443,51495,0.0,29,21218,29,0,,,Unknown,,
54,1739284736.446904,TCP,10.12.16.216,204.79.197.203,TCP,Unknown,7751,25147,131072,16,51495,443,2.5033950805664062e-05,18,5974,18,1,,,Unknown,,
1434,1739284736.447336,TCP,204.79.197.203,10.12.16.216,TCP,Unknown,26527,7751,4195072,16,443,51495,0.00043201446533203125,30,22652,30,0,,,Unknown,,
54,1739284736.447375,TCP,10.12.16.216,204.79.197.203,TCP,Unknown,7751,27907,131072,16,51495,443,3.910064697265625e-05,19,6028,19,1,,,Unknown,,
1365,1739284736.4474,TLS,204.79.197.203,10.12.16.216,TCP,0x0303,27907,7751,4195072,24,443,51495,2.5033950805664062e-05,31,24017,31,0,,,Unknown,,
135,1739284736.448681,TLS,204.79.197.203,10.12.16.216,TCP,0x0303,29218,7751,4195072,24,443,51495,0.0012810230255126953,32,24152,32,0,,,Unknown,,
1434,1739284736.448681,TCP,204.79.197.203,10.12.16.216,TCP,Unknown,30679,7751,4195072,16,443,51495,0.0,33,25586,33,0,,,Unknown,,
224,1739284736.448681,TLS,204.79.197.203,10.12.16.216,TCP,0x0303,32059,7751,4195072,24,443,51495,0.0,34,25810,34,0,,,Unknown,,
54,1739284736.448721,TCP,10.12.16.216,204.79.197.203,TCP,Unknown,7751,32229,131072,16,51495,443,3.981590270996094e-05,20,6082,20,1,,,Unknown,,
56,1739284736.479995,TCP,20.190.181.2,10.12.16.216,TCP,Unknown,1,1660,16387,16,443,51442,0.008269071578979492,1,56,1,1,,,Unknown,,
56,1739284736.479995,TCP,20.190.181.2,10.12.16.216,TCP,Unknown,1,4420,16387,16,443,51442,0.0,2,112,2,1,,,Unknown,,
56,1739284736.479995,TCP,20.190.181.2,10.12.16.216,TCP,Unknown,1,7158,16387,16,443,51442,0.0,3,168,3,1,,,Unknown,,
56,1739284736.522626,TCP,52.236.29.249,10.12.16.216,TCP,Unknown,1,1381,64128,16,443,51496,0.000640869140625,2,122,2,1,,,Unknown,,
56,1739284736.522626,TCP,52.236.29.249,10.12.16.216,TCP,Unknown,1,1745,64128,16,443,51496,0.0,3,178,3,1,,,Unknown,,
1434,1739284736.525162,TLS,52.236.29.249,10.12.16.216,TCP,0x0303,1,1745,64128,16,443,51496,0.0025360584259033203,4,1612,4,1,,2.0,Unknown,,
1434,1739284736.525162,TCP,52.236.29.249,10.12.16.216,TCP,Unknown,1381,1745,64128,24,443,51496,0.0,5,3046,5,1,,,Unknown,,
1390,1739284736.525162,TLS,52.236.29.249,10.12.16.216,TCP,0x0303,2761,1745,64128,24,443,51496,0.0,6,4436,6,0,,,Unknown,,
171,1739284736.525162,TLS,52.236.29.249,10.12.16.216,TCP,0x0303,4097,1745,64128,24,443,51496,0.0,7,4607,7,0,,,Unknown,,
54,1739284736.525242,TCP,10.12.16.216,52.236.29.249,TCP,Unknown,1745,4214,131072,16,51496,443,8.0108642578125e-05,4,592,4,0,,,Unknown,,
134,1739284736.526973,TLS,10.12.16.216,52.236.29.249,TCP,0x0303,1745,4214,131072,24,51496,443,0.0017309188842773438,5,726,5,1,,,Unknown,,
146,1739284736.527126,TLS,10.12.16.216,52.236.29.249,TCP,0x0303,1825,4214,131072,24,51496,443,0.00015306472778320312,6,872,6,0,,,Unknown,,
76,1739284736.527282,TLS,10.12.16.216,52.236.29.249,TCP,0x0303,3297,4214,131072,24,51496,443,0.00015592575073242188,7,948,7,0,,,Unknown,,
66,1739284736.545665,TCP,10.12.16.216,13.74.129.1,TCP,Unknown,0,0,64240,2,51497,443,0.00031304359436035156,1,66,1,1,,,Unknown,,
66,1739284736.561099,TCP,10.12.16.216,150.171.28.10,TCP,Unknown,0,0,64240,2,51498,443,0.00036716461181640625,1,66,1,1,,,Unknown,,
66,1739284736.573474,TCP,10.12.16.216,204.79.197.203,TCP,Unknown,0,0,64240,2,51499,443,0.0007889270782470703,21,6148,21,1,,,Unknown,,
66,1739284736.576033,TCP,10.12.16.216,3.160.188.19,TCP,Unknown,0,0,64240,2,51500,443,0.00040411949157714844,1,66,1,1,,,Unknown,,
1434,1739284736.602821,TCP,20.190.181.2,10.12.16.216,TCP,Unknown,1381,7158,16387,16,443,51442,4.315376281738281e-05,4,1602,4,1,,,Unknown,,
54,1739284736.602868,TCP,10.12.16.216,20.190.181.2,TCP,Unknown,7158,2761,512,16,51442,443,4.696846008300781e-05,6,6101,6,0,,,Unknown,,
1434,1739284736.602928,TCP,20.190.181.2,10.12.16.216,TCP,Unknown,2761,7158,16387,16,443,51442,5.984306335449219e-05,5,3036,5,1,,,Unknown,,
1434,1739284736.602928,TCP,20.190.181.2,10.12.16.216,TCP,Unknown,4141,7158,16387,16,443,51442,0.0,6,4470,6,0,,,Unknown,,
54,1739284736.602949,TCP,10.12.16.216,20.190.181.2,TCP,Unknown,7158,5521,512,16,51442,443,2.09808349609375e-05,7,6155,7,1,,,Unknown,,
1434,1739284736.603039,TCP,20.190.181.2,10.12.16.216,TCP,Unknown,5521,7158,16387,16,443,51442,9.012222290039062e-05,7,5904,7,0,,,Unknown,,
1434,1739284736.603039,TCP,20.190.181.2,10.12.16.216,TCP,Unknown,6901,7158,16387,16,443,51442,0.0,8,7338,8,0,,,Unknown,,
54,1739284736.603047,TCP,10.12.16.216,20.190.181.2,TCP,Unknown,7158,8281,512,16,51442,443,7.867813110351562e-06,8,6209,8,1,,,Unknown,,
1434,1739284736.603186,TCP,20.190.181.2,10.12.16.216,TCP,Unknown,8281,7158,16387,16,443,51442,0.00013899803161621094,9,8772,9,0,,,Unknown,,
1434,1739284736.603186,TCP,20.190.181.2,10.12.16.216,TCP,Unknown,9661,7158,16387,16,443,51442,0.0,10,10206,10,0,,,Unknown,,
54,1739284736.603204,TCP,10.12.16.216,20.190.181.2,TCP,Unknown,7158,11041,512,16,51442,443,1.811981201171875e-05,9,6263,9,1,,,Unknown,,
1434,1739284736.603345,TCP,20.190.181.2,10.12.16.216,TCP,Unknown,11041,7158,16387,16,443,51442,0.00014090538024902344,11,11640,11,0,,,Unknown,,
1434,1739284736.603345,TCP,20.190.181.2,10.12.16.216,TCP,Unknown,12421,7158,16387,16,443,51442,0.0,12,13074,12,0,,,Unknown,,
54,1739284736.603357,TCP,10.12.16.216,20.190.181.2,TCP,Unknown,7158,13801,512,16,51442,443,1.2159347534179688e-05,10,6317,10,1,,,Unknown,,
1434,1739284736.603454,TCP,20.190.181.2,10.12.16.216,TCP,Unknown,13801,7158,16387,16,443,51442,9.703636169433594e-05,13,14508,13,0,,,Unknown,,
1434,1739284736.603454,TLS,20.190.181.2,10.12.16.216,TCP,0x0303,15181,7158,16387,16,443,51442,0.0,14,15942,14,0,,,Unknown,,
547,1739284736.603454,TLS,20.190.181.2,10.12.16.216,TCP,0x0303,16561,7158,16387,24,443,51442,0.0,15,16489,15,0,,,Unknown,,
54,1739284736.603488,TCP,10.12.16.216,20.190.181.2,TCP,Unknown,7158,17054,512,16,51442,443,3.3855438232421875e-05,11,6371,11,1,,,Unknown,,
133,1739284736.607245,TLS,52.236.29.249,10.12.16.216,TCP,0x0303,4214,1825,64128,24,443,51496,0.003756999969482422,8,4740,8,0,,,Unknown,,
133,1739284736.607245,TLS,52.236.29.249,10.12.16.216,TCP,0x0303,4293,1825,64128,24,443,51496,0.0,9,4873,9,0,,,Unknown,,
116,1739284736.607245,TLS,52.236.29.249,10.12.16.216,TCP,0x0303,4372,1825,64128,24,443,51496,0.0,10,4989,10,0,,,Unknown,,
56,1739284736.607245,TCP,52.236.29.249,10.12.16.216,TCP,Unknown,4434,3297,64128,16,443,51496,0.0,11,5045,11,0,,,Unknown,,
54,1739284736.607313,TCP,10.12.16.216,52.236.29.249,TCP,Unknown,3319,4434,130816,16,51496,443,6.794929504394531e-05,8,1002,8,0,,,Unknown,,
85,1739284736.607358,TLS,52.236.29.249,10.12.16.216,TCP,0x0303,4434,3297,64128,24,443,51496,4.506111145019531e-05,12,5130,12,1,,,Unknown,,
54,1739284736.607369,TCP,10.12.16.216,52.236.29.249,TCP,Unknown,3319,4465,130816,16,51496,443,1.0967254638671875e-05,9,1056,9,1,,,Unknown,,
85,1739284736.607476,TLS,10.12.16.216,52.236.29.249,TCP,0x0303,3319,4465,130816,24,51496,443,0.00010704994201660156,10,1141,10,1,,,Unknown,,
66,1739284736.614278,TCP,150.171.28.10,10.12.16.216,TCP,Unknown,0,1,65535,18,443,51498,0.006802082061767578,1,66,1,1,,,Unknown,,
54,1739284736.614369,TCP,10.12.16.216,150.171.28.10,TCP,Unknown,1,1,131072,16,51498,443,9.083747863769531e-05,2,120,2,1,,,Unknown,,
458,1739284736.614723,TLS,10.12.16.216,150.171.28.10,TCP,0x0301,1381,1,131072,24,51498,443,0.0003540515899658203,3,578,3,1,,1.0,Unknown,,
54,1739284736.617425,TCP,10.12.16.216,52.236.29.249,TCP,Unknown,3350,5845,131072,16,51496,443,7.486343383789062e-05,11,1195,11,0,,,Unknown,,
1434,1739284736.617471,TCP,52.236.29.249,10.12.16.216,TCP,Unknown,5845,3319,64128,24,443,51496,4.601478576660156e-05,13,6564,13,0,,,Unknown,,
1412,1739284736.617471,TLS,52.236.29.249,10.12.16.216,TCP,0x0303,7225,3319,64128,24,443,51496,0.0,14,7976,14,0,,,Unknown,,
54,1739284736.617493,TCP,10.12.16.216,52.236.29.249,TCP,Unknown,3350,8583,131072,16,51496,443,2.193450927734375e-05,12,1249,12,1,,,Unknown,,
1434,1739284736.617561,TCP,52.236.29.249,10.12.16.216,TCP,Unknown,9963,3319,64128,24,443,51496,6.818771362304688e-05,15,9410,15,0,,,Unknown,,
54,1739284736.617591,TCP,10.12.16.216,52.236.29.249,TCP,Unknown,3350,11343,131072,16,51496,443,2.9802322387695312e-05,13,1303,13,1,,,Unknown,,
1335,1739284736.617654,TLS,52.236.29.249,10.12.16.216,TCP,0x0303,11343,3319,64128,24,443,51496,6.318092346191406e-05,16,10745,16,0,,,Unknown,,
54,1739284736.617689,TCP,10.12.16.216,52.236.29.249,TCP,Unknown,3350,12624,129792,16,51496,443,3.4809112548828125e-05,14,1357,14,1,,,Unknown,,
66,1739284736.621896,TCP,3.160.188.19,10.12.16.216,TCP,Unknown,0,1,65535,18,443,51500,0.0002410411834716797,1,66,1,1,,,Unknown,,
54,1739284736.621965,TCP,10.12.16.216,3.160.188.19,TCP,Unknown,1,1,131072,16,51500,443,6.890296936035156e-05,2,120,2,1,,,Unknown,,
440,1739284736.622319,TLS,10.12.16.216,3.160.188.19,TCP,0x0301,1381,1,131072,24,51500,443,0.0003540515899658203,3,560,3,1,,1.0,Unknown,,
66,1739284736.626442,TCP,204.79.197.203,10.12.16.216,TCP,Unknown,0,1,65535,18,443,51499,0.00412297248840332,35,25876,35,1,,,Unknown,,
66,1739284736.626442,TCP,13.74.129.1,10.12.16.216,TCP,Unknown,0,1,65535,18,443,51497,0.0,1,66,1,1,,,Unknown,,
54,1739284736.626531,TCP,10.12.16.216,204.79.197.203,TCP,Unknown,1,1,131072,16,51499,443,8.893013000488281e-05,22,6202,22,1,,,Unknown,,
54,1739284736.626548,TCP,10.12.16.216,13.74.129.1,TCP,Unknown,1,1,131072,16,51497,443,1.71661376953125e-05,2,120,2,1,,,Unknown,,
459,1739284736.626843,TLS,10.12.16.216,204.79.197.203,TCP,0x0301,1381,1,131072,24,51499,443,0.0002949237823486328,23,6661,23,1,,1.0,Unknown,,
457,1739284736.627165,TLS,10.12.16.216,13.74.129.1,TCP,0x0301,1381,1,131072,24,51497,443,0.00032210350036621094,3,577,3,1,,1.0,Unknown,,
1434,1739284736.637936,TCP,204.79.197.203,10.12.16.216,TCP,Unknown,33609,7751,4195072,16,443,51495,0.0060961246490478516,36,27310,36,0,,,Unknown,,
1365,1739284736.637936,TLS,204.79.197.203,10.12.16.216,TCP,0x0303,34989,7751,4195072,24,443,51495,0.0,37,28675,37,0,,,Unknown,,
135,1739284736.637936,TLS,204.79.197.203,10.12.16.216,TCP,0x0303,36300,7751,4195072,24,443,51495,0.0,38,28810,38,0,,,Unknown,,
54,1739284736.63801,TCP,10.12.16.216,204.79.197.203,TCP,Unknown,7751,37761,131072,16,51495,443,7.390975952148438e-05,24,6715,24,1,,,Unknown,,
1434,1739284736.638142,TCP,204.79.197.203,10.12.16.216,TCP,Unknown,37761,7751,4195072,16,443,51495,0.00013208389282226562,39,30244,39,0,,,Unknown,,
1421,1739284736.638142,TLS,204.79.197.203,10.12.16.216,TCP,0x0303,39141,7751,4195072,24,443,51495,0.0,40,31665,40,0,,,Unknown,,
54,1739284736.638177,TCP,10.12.16.216,204.79.197.203,TCP,Unknown,7751,40508,131072,16,51495,443,3.4809112548828125e-05,25,6769,25,1,,,Unknown,,
1434,1739284736.638208,TCP,204.79.197.203,10.12.16.216,TCP,Unknown,41888,7751,4195072,16,443,51495,3.0994415283203125e-05,41,33099,41,0,,,Unknown,,
54,1739284736.638229,TCP,10.12.16.216,204.79.197.203,TCP,Unknown,7751,43268,131072,16,51495,443,2.09808349609375e-05,26,6823,26,1,,,Unknown,,
1365,1739284736.638355,TLS,204.79.197.203,10.12.16.216,TCP,0x0303,43268,7751,4195072,24,443,51495,0.00012612342834472656,42,34464,42,0,,,Unknown,,
135,1739284736.638355,TLS,204.79.197.203,10.12.16.216,TCP,0x0303,44579,7751,4195072,24,443,51495,0.0,43,34599,43,0,,,Unknown,,
54,1739284736.638379,TCP,10.12.16.216,204.79.197.203,TCP,Unknown,7751,46040,131072,16,51495,443,2.4080276489257812e-05,27,6877,27,1,,,Unknown,,
1434,1739284736.638464,TCP,204.79.197.203,10.12.16.216,TCP,Unknown,46040,7751,4195072,16,443,51495,8.487701416015625e-05,44,36033,44,0,,,Unknown,,
1419,1739284736.638464,TLS,204.79.197.203,10.12.16.216,TCP,0x0303,47420,7751,4195072,24,443,51495,0.0,45,37452,45,0,,,Unknown,,
54,1739284736.638503,TCP,10.12.16.216,204.79.197.203,TCP,Unknown,7751,48785,131072,16,51495,443,3.910064697265625e-05,28,6931,28,1,,,Unknown,,
1434,1739284736.638583,TCP,204.79.197.203,10.12.16.216,TCP,Unknown,50165,7751,4195072,16,443,51495,7.987022399902344e-05,46,38886,46,0,,,Unknown,,
54,1739284736.638601,TCP,10.12.16.216,204.79.197.203,TCP,Unknown,7751,51545,131072,16,51495,443,1.811981201171875e-05,29,6985,29,1,,,Unknown,,
1365,1739284736.638655,TLS,204.79.197.203,10.12.16.216,TCP,0x0303,51545,7751,4195072,24,443,51495,5.3882598876953125e-05,47,40251,47,0,,,Unknown,,
135,1739284736.638948,TLS,204.79.197.203,10.12.16.216,TCP,0x0303,52856,7751,4195072,24,443,51495,0.0002930164337158203,48,40386,48,0,,,Unknown,,
373,1739284736.638948,TLS,204.79.197.203,10.12.16.216,TCP,0x0303,54317,7751,4195072,24,443,51495,0.0,49,40759,49,0,,,Unknown,,
54,1739284736.638979,TCP,10.12.16.216,204.79.197.203,TCP,Unknown,7751,54636,131072,16,51495,443,3.0994415283203125e-05,30,7039,30,1,,,Unknown,,
56,1739284736.667358,TCP,3.160.188.19,10.12.16.216,TCP,Unknown,1,1381,68608,16,443,51500,0.011474847793579102,2,122,2,1,,,Unknown,,
56,1739284736.667358,TCP,3.160.188.19,10.12.16.216,TCP,Unknown,1,1767,71680,16,443,51500,0.0,3,178,3,1,,,Unknown,,
1434,1739284736.667358,TLS,3.160.188.19,10.12.16.216,TCP,0x0303,1,1767,71680,16,443,51500,0.0,4,1612,4,1,,2.0,Unknown,,
1434,1739284736.667358,TCP,3.160.188.19,10.12.16.216,TCP,Unknown,1381,1767,71680,24,443,51500,0.0,5,3046,5,1,,,Unknown,,
1434,1739284736.667358,TCP,3.160.188.19,10.12.16.216,TCP,Unknown,2761,1767,71680,16,443,51500,0.0,6,4480,6,1,,,Unknown,,
56,1739284736.667358,TCP,150.171.28.10,10.12.16.216,TCP,Unknown,1,1381,4195072,16,443,51498,0.0,2,122,2,1,,,Unknown,,
56,1739284736.667358,TCP,150.171.28.10,10.12.16.216,TCP,Unknown,1,1785,4194560,16,443,51498,0.0,3,178,3,1,,,Unknown,,
54,1739284736.667479,TCP,10.12.16.216,3.160.188.19,TCP,Unknown,1767,4141,131072,16,51500,443,0.00012111663818359375,4,614,4,0,,,Unknown,,
153,1739284736.667608,TLS,150.171.28.10,10.12.16.216,TCP,0x0303,1,1785,4194560,24,443,51498,0.0001289844512939453,4,331,4,1,,2.0,Unknown,,
684,1739284736.668295,TLS,10.12.16.216,150.171.28.10,TCP,0x0303,1785,100,130816,24,51498,443,0.0006868839263916016,4,1262,4,0,,1.0,Unknown,,
1434,1739284736.669335,TLS,3.160.188.19,10.12.16.216,TCP,0x0303,4141,1767,71680,16,443,51500,0.0010399818420410156,7,5914,7,1,,,Unknown,,
166,1739284736.669335,TLS,3.160.188.19,10.12.16.216,TCP,0x0303,5521,1767,71680,24,443,51500,0.0,8,6080,8,1,,,Unknown,,
54,1739284736.669356,TCP,10.12.16.216,3.160.188.19,TCP,Unknown,1767,5633,131072,16,51500,443,2.1219253540039062e-05,5,668,5,1,,,Unknown,,
118,1739284736.670808,TLS,10.12.16.216,3.160.188.19,TCP,0x0303,1767,5633,131072,24,51500,443,0.0014519691467285156,6,786,6,1,,,Unknown,,
56,1739284736.681903,TCP,204.79.197.203,10.12.16.216,TCP,Unknown,1,1381,4195072,16,443,51499,0.005277872085571289,50,40815,50,1,,,Unknown,,
56,1739284736.681903,TCP,204.79.197.203,10.12.16.216,TCP,Unknown,1,1786,4194560,16,443,51499,0.0,51,40871,51,1,,,Unknown,,
153,1739284736.681903,TLS,204.79.197.203,10.12.16.216,TCP,0x0303,1,1786,4194560,24,443,51499,0.0,52,41024,52,1,,2.0,Unknown,,
685,1739284736.6828,TLS,10.12.16.216,204.79.197.203,TCP,0x0303,1786,100,130816,24,51499,443,0.0008971691131591797,31,7724,31,1,,1.0,Unknown,,
1434,1739284736.687102,TCP,52.236.29.249,10.12.16.216,TCP,Unknown,14004,3319,64128,24,443,51496,0.0026390552520751953,17,12179,17,0,,,Unknown,,
1434,1739284736.687102,TLS,52.236.29.249,10.12.16.216,TCP,0x0303,15384,3319,64128,16,443,51496,0.0,18,13613,18,0,,,Unknown,,
1434,1739284736.687102,TCP,52.236.29.249,10.12.16.216,TCP,Unknown,16764,3319,64128,24,443,51496,0.0,19,15047,19,0,,,Unknown,,
558,1739284736.687102,TLS,52.236.29.249,10.12.16.216,TCP,0x0303,18144,3319,64128,24,443,51496,0.0,20,15605,20,0,,,Unknown,,
54,1739284736.687157,TCP,10.12.16.216,52.236.29.249,TCP,Unknown,3350,18648,131072,16,51496,443,5.4836273193359375e-05,15,1411,15,1,,,Unknown,,
56,1739284736.706995,TCP,13.74.129.1,10.12.16.216,TCP,Unknown,1,1784,524288,16,443,51497,0.003901958465576172,2,122,2,1,,,Unknown,,
1434,1739284736.708711,TCP,13.74.129.1,10.12.16.216,TCP,Unknown,1381,1784,524288,16,443,51497,0.0,3,1556,3,1,,,Unknown,,
1434,1739284736.708711,TCP,13.74.129.1,10.12.16.216,TCP,Unknown,2761,1784,524288,16,443,51497,0.0,4,2990,4,1,,,Unknown,,
1434,1739284736.708711,TCP,13.74.129.1,10.12.16.216,TCP,Unknown,4141,1784,524288,16,443,51497,0.0,5,4424,5,1,,,Unknown,,
911,1739284736.708711,TLS,13.74.129.1,10.12.16.216,TCP,0x0303,5521,1784,524288,24,443,51497,0.0,6,5335,6,1,,2.0,Unknown,,
54,1739284736.708835,TCP,10.12.16.216,13.74.129.1,TCP,Unknown,1784,6378,131072,16,51497,443,0.0001239776611328125,4,631,4,0,,,Unknown,,
147,1739284736.711578,TLS,10.12.16.216,13.74.129.1,TCP,0x0303,1784,6378,131072,24,51497,443,0.0005209445953369141,5,778,5,1,,16.0,Unknown,,
56,1739284736.714781,TCP,3.160.188.19,10.12.16.216,TCP,Unknown,5633,1831,71680,16,443,51500,0.003203153610229492,9,6136,9,0,,,Unknown,,
233,1739284736.714781,TLS,3.160.188.19,10.12.16.216,TCP,0x0303,5633,1831,71680,24,443,51500,0.0,10,6369,10,1,,,Unknown,,
116,1739284736.714781,TLS,3.160.188.19,10.12.16.216,TCP,0x0303,5812,1831,71680,24,443,51500,0.0,11,6485,11,0,,,Unknown,,
54,1739284736.714844,TCP,10.12.16.216,3.160.188.19,TCP,Unknown,1831,5874,130816,16,51500,443,6.29425048828125e-05,7,840,7,0,,,Unknown,,
56,1739284736.720177,TCP,150.171.28.10,10.12.16.216,TCP,Unknown,100,2415,4194048,16,443,51498,0.00533294677734375,5,387,5,1,,,Unknown,,
1434,1739284736.72351,TLS,150.171.28.10,10.12.16.216,TCP,0x0303,100,2415,4194048,16,443,51498,0.0033330917358398438,6,1821,6,1,,2.0,Unknown,,
1434,1739284736.72351,TCP,150.171.28.10,10.12.16.216,TCP,Unknown,1480,2415,4194048,16,443,51498,0.0,7,3255,7,1,,,Unknown,,
1434,1739284736.72351,TCP,150.171.28.10,10.12.16.216,TCP,Unknown,2860,2415,4194048,16,443,51498,0.0,8,4689,8,1,,,Unknown,,
1434,1739284736.72351,TCP,150.171.28.10,10.12.16.216,TCP,Unknown,4240,2415,4194048,16,443,51498,0.0,9,6123,9,1,,,Unknown,,
54,1739284736.72358,TCP,10.12.16.216,150.171.28.10,TCP,Unknown,2415,5620,131072,16,51498,443,6.985664367675781e-05,5,1316,5,0,,,Unknown,,
1434,1739284736.723693,TCP,150.171.28.10,10.12.16.216,TCP,Unknown,5620,2415,4194048,16,443,51498,0.00011301040649414062,10,7557,10,1,,,Unknown,,
464,1739284736.723693,TLS,150.171.28.10,10.12.16.216,TCP,0x0303,7000,2415,4194048,24,443,51498,0.0,11,8021,11,0,,,Unknown,,
54,1739284736.723715,TCP,10.12.16.216,150.171.28.10,TCP,Unknown,2415,7410,131072,16,51498,443,2.2172927856445312e-05,6,1370,6,1,,,Unknown,,
128,1739284736.72728,TLS,10.12.16.216,150.171.28.10,TCP,0x0303,2415,7410,131072,24,51498,443,0.0035648345947265625,7,1498,7,1,,,Unknown,,
56,1739284736.729941,TCP,52.236.29.249,10.12.16.216,TCP,Unknown,18648,3350,64128,16,443,51496,0.002660989761352539,21,15661,21,0,,,Unknown,,
56,1739284736.737595,TCP,204.79.197.203,10.12.16.216,TCP,Unknown,100,2417,4194048,16,443,51499,0.006203174591064453,53,41080,53,1,,,Unknown,,
1434,1739284736.737595,TLS,204.79.197.203,10.12.16.216,TCP,0x0303,100,2417,4194048,16,443,51499,0.0,54,42514,54,1,,2.0,Unknown,,
1434,1739284736.737595,TCP,204.79.197.203,10.12.16.216,TCP,Unknown,1480,2417,4194048,16,443,51499,0.0,55,43948,55,1,,,Unknown,,
1434,1739284736.737595,TCP,204.79.197.203,10.12.16.216,TCP,Unknown,2860,2417,4194048,16,443,51499,0.0,56,45382,56,1,,,Unknown,,
1434,1739284736.737595,TCP,204.79.197.203,10.12.16.216,TCP,Unknown,4240,2417,4194048,16,443,51499,0.0,57,46816,57,1,,,Unknown,,
591,1739284736.737595,TLS,204.79.197.203,10.12.16.216,TCP,0x0303,5620,2417,4194048,24,443,51499,0.0,58,47407,58,1,,,Unknown,,
54,1739284736.737774,TCP,10.12.16.216,204.79.197.203,TCP,Unknown,2417,6157,131072,16,51499,443,0.00017881393432617188,32,7778,32,1,,,Unknown,,
128,1739284736.740866,TLS,10.12.16.216,204.79.197.203,TCP,0x0303,2417,6157,131072,24,51499,443,0.003092050552368164,33,7906,33,1,,,Unknown,,
56,1739284736.779424,TCP,150.171.28.10,10.12.16.216,TCP,Unknown,7410,2489,4194048,16,443,51498,0.021416902542114258,12,8077,12,0,,,Unknown,,
513,1739284736.779424,TLS,150.171.28.10,10.12.16.216,TCP,0x0303,7410,2489,4194048,24,443,51498,0.0,13,8590,13,1,,,Unknown,,
116,1739284736.779424,TLS,150.171.28.10,10.12.16.216,TCP,0x0303,7869,2489,4194048,24,443,51498,0.0,14,8706,14,0,,,Unknown,,
54,1739284736.779482,TCP,10.12.16.216,150.171.28.10,TCP,Unknown,2489,7931,130560,16,51498,443,5.793571472167969e-05,8,1552,8,0,,,Unknown,,
105,1739284736.792183,TLS,13.74.129.1,10.12.16.216,TCP,0x0303,6378,1877,524288,24,443,51497,0.010521888732910156,7,5440,7,0,,,Unknown,,
123,1739284736.792183,TLS,13.74.129.1,10.12.16.216,TCP,0x0303,6429,1877,524288,24,443,51497,0.0,8,5563,8,0,,,Unknown,,
56,1739284736.792183,TCP,204.79.197.203,10.12.16.216,TCP,Unknown,6157,2491,4194048,16,443,51499,0.0,59,47463,59,0,,,Unknown,,
54,1739284736.792247,TCP,10.12.16.216,13.74.129.1,TCP,Unknown,1877,6498,130816,16,51497,443,6.413459777832031e-05,6,832,6,0,,,Unknown,,
513,1739284736.792433,TLS,204.79.197.203,10.12.16.216,TCP,0x0303,6157,2491,4194048,24,443,51499,0.00018596649169921875,60,47976,60,1,,,Unknown,,
116,1739284736.792433,TLS,204.79.197.203,10.12.16.216,TCP,0x0303,6616,2491,4194048,24,443,51499,0.0,61,48092,61,0,,,Unknown,,
54,1739284736.792458,TCP,10.12.16.216,204.79.197.203,TCP,Unknown,2491,6678,130560,16,51499,443,2.5033950805664062e-05,34,7960,34,1,,,Unknown,,
1434,1739284737.145527,TCP,204.79.197.203,10.12.16.216,TCP,Unknown,56016,7751,4195072,16,443,51495,0.02442479133605957,62,49526,62,0,,,Unknown,,
1365,1739284737.145527,TLS,204.79.197.203,10.12.16.216,TCP,0x0303,57396,7751,4195072,24,443,51495,0.0,63,50891,63,0,,,Unknown,,
135,1739284737.145527,TLS,204.79.197.203,10.12.16.216,TCP,0x0303,58707,7751,4195072,24,443,51495,0.0,64,51026,64,0,,,Unknown,,
1434,1739284737.145527,TCP,204.79.197.203,10.12.16.216,TCP,Unknown,60168,7751,4195072,16,443,51495,0.0,65,52460,65,0,,,Unknown,,
984,1739284737.145527,TLS,204.79.197.203,10.12.16.216,TCP,0x0303,61548,7751,4195072,24,443,51495,0.0,66,53444,66,0,,,Unknown,,
54,1739284737.14565,TCP,10.12.16.216,204.79.197.203,TCP,Unknown,7751,62478,131072,16,51495,443,0.00012302398681640625,35,8014,35,1,,,Unknown,,
1434,1739284737.1498,TCP,204.79.197.203,10.12.16.216,TCP,Unknown,63858,7751,4195072,16,443,51495,0.0041501522064208984,67,54878,67,0,,,Unknown,,
1366,1739284737.1498,TLS,204.79.197.203,10.12.16.216,TCP,0x0303,65238,7751,4195072,24,443,51495,0.0,68,56244,68,0,,,Unknown,,
134,1739284737.1498,TLS,204.79.197.203,10.12.16.216,TCP,0x0303,66550,7751,4195072,24,443,51495,0.0,69,56378,69,0,,,Unknown,,
1434,1739284737.1498,TCP,204.79.197.203,10.12.16.216,TCP,Unknown,68010,7751,4195072,16,443,51495,0.0,70,57812,70,0,,,Unknown,,
1365,1739284737.1498,TLS,204.79.197.203,10.12.16.216,TCP,0x0303,69390,7751,4195072,24,443,51495,0.0,71,59177,71,0,,,Unknown,,
135,1739284737.1498,TLS,204.79.197.203,10.12.16.216,TCP,0x0303,70701,7751,4195072,24,443,51495,0.0,72,59312,72,0,,,Unknown,,
1434,1739284737.1498,TCP,204.79.197.203,10.12.16.216,TCP,Unknown,72162,7751,4195072,16,443,51495,0.0,73,60746,73,0,,,Unknown,,
54,1739284737.149876,TCP,10.12.16.216,204.79.197.203,TCP,Unknown,7751,73542,131072,16,51495,443,7.605552673339844e-05,36,8068,36,1,,,Unknown,,
1419,1739284737.150252,TLS,204.79.197.203,10.12.16.216,TCP,0x0303,73542,7751,4195072,24,443,51495,0.00037598609924316406,74,62165,74,0,,,Unknown,,
1434,1739284737.150252,TCP,204.79.197.203,10.12.16.216,TCP,Unknown,76287,7751,4195072,16,443,51495,0.0,75,63599,75,0,,,Unknown,,
1011,1739284737.150252,TLS,204.79.197.203,10.12.16.216,TCP,0x0303,77667,7751,4195072,24,443,51495,0.0,76,64610,76,0,,,Unknown,,
54,1739284737.150277,TCP,10.12.16.216,204.79.197.203,TCP,Unknown,7751,78624,131072,16,51495,443,2.47955322265625e-05,37,8122,37,1,,,Unknown,,
432,1739284737.166866,TLS,204.79.197.203,10.12.16.216,TCP,0x0303,78624,7751,4195072,24,443,51495,0.01658916473388672,77,65042,77,0,,,Unknown,,
1434,1739284737.166866,TCP,204.79.197.203,10.12.16.216,TCP,Unknown,80382,7751,4195072,16,443,51495,0.0,78,66476,78,0,,,Unknown,,
1068,1739284737.166866,TLS,204.79.197.203,10.12.16.216,TCP,0x0303,81762,7751,4195072,24,443,51495,0.0,79,67544,79,0,,,Unknown,,
509,1739284737.166866,TLS,204.79.197.203,10.12.16.216,TCP,0x0303,82776,7751,4195072,24,443,51495,0.0,80,68053,80,0,,,Unknown,,
1434,1739284737.166866,TCP,204.79.197.203,10.12.16.216,TCP,Unknown,84611,7751,4195072,16,443,51495,0.0,81,69487,81,0,,,Unknown,,
1365,1739284737.166866,TLS,204.79.197.203,10.12.16.216,TCP,0x0303,85991,7751,4195072,24,443,51495,0.0,82,70852,82,0,,,Unknown,,
135,1739284737.166866,TLS,204.79.197.203,10.12.16.216,TCP,0x0303,87302,7751,4195072,24,443,51495,0.0,83,70987,83,0,,,Unknown,,
54,1739284737.167036,TCP,10.12.16.216,204.79.197.203,TCP,Unknown,7751,88763,131072,16,51495,443,0.00016999244689941406,38,8176,38,1,,,Unknown,,
1434,1739284737.167181,TCP,204.79.197.203,10.12.16.216,TCP,Unknown,88763,7751,4195072,16,443,51495,0.00014495849609375,84,72421,84,0,,,Unknown,,
1412,1739284737.167181,TLS,204.79.197.203,10.12.16.216,TCP,0x0303,90143,7751,4195072,24,443,51495,0.0,85,73833,85,0,,,Unknown,,
1434,1739284737.167181,TCP,204.79.197.203,10.12.16.216,TCP,Unknown,92881,7751,4195072,16,443,51495,0.0,86,75267,86,0,,,Unknown,,
1365,1739284737.167181,TLS,204.79.197.203,10.12.16.216,TCP,0x0303,94261,7751,4195072,24,443,51495,0.0,87,76632,87,0,,,Unknown,,
135,1739284737.167181,TLS,204.79.197.203,10.12.16.216,TCP,0x0303,95572,7751,4195072,24,443,51495,0.0,88,76767,88,0,,,Unknown,,
54,1739284737.167216,TCP,10.12.16.216,204.79.197.203,TCP,Unknown,7751,97033,131072,16,51495,443,3.504753112792969e-05,39,8230,39,1,,,Unknown,,
1434,1739284737.16725,TCP,204.79.197.203,10.12.16.216,TCP,Unknown,97033,7751,4195072,16,443,51495,3.3855438232421875e-05,89,78201,89,0,,,Unknown,,
1419,1739284737.16725,TLS,204.79.197.203,10.12.16.216,TCP,0x0303,98413,7751,4195072,24,443,51495,0.0,90,79620,90,0,,,Unknown,,
54,1739284737.16726,TCP,10.12.16.216,204.79.197.203,TCP,Unknown,7751,99778,131072,16,51495,443,1.0013580322265625e-05,40,8284,40,1,,,Unknown,,
108,1739284737.167927,TLS,204.79.197.203,10.12.16.216,TCP,0x0303,99778,7751,4195072,24,443,51495,0.0006670951843261719,91,79728,91,0,,,Unknown,,
1434,1739284737.167927,TCP,204.79.197.203,10.12.16.216,TCP,Unknown,101212,7751,4195072,16,443,51495,0.0,92,81162,92,0,,,Unknown,,
54,1739284737.167946,TCP,10.12.16.216,204.79.197.203,TCP,Unknown,7751,102592,131072,16,51495,443,1.9073486328125e-05,41,8338,41,1,,,Unknown,,
1336,1739284737.16798,TLS,204.79.197.203,10.12.16.216,TCP,0x0303,102592,7751,4195072,24,443,51495,3.3855438232421875e-05,93,82498,93,0,,,Unknown,,
54,1739284737.167996,TCP,10.12.16.216,204.79.197.203,TCP,Unknown,7751,103874,129792,16,51495,443,1.5974044799804688e-05,42,8392,42,1,,,Unknown,,
164,1739284737.16862,TLS,204.79.197.203,10.12.16.216,TCP,0x0303,103874,7751,4195072,24,443,51495,0.0006241798400878906,94,82662,94,0,,,Unknown,,
611,1739284737.16862,TLS,204.79.197.203,10.12.16.216,TCP,0x0303,103984,7751,4195072,24,443,51495,0.0,95,83273,95,0,,,Unknown,,
54,1739284737.168648,TCP,10.12.16.216,204.79.197.203,TCP,Unknown,7751,104541,131072,16,51495,443,2.7894973754882812e-05,43,8446,43,1,,,Unknown,,
1434,1739284737.17014,TCP,204.79.197.203,10.12.16.216,TCP,Unknown,105921,7751,4195072,16,443,51495,0.0007090568542480469,96,84707,96,0,,,Unknown,,
1365,1739284737.17014,TLS,204.79.197.203,10.12.16.216,TCP,0x0303,107301,7751,4195072,24,443,51495,0.0,97,86072,97,0,,,Unknown,,
135,1739284737.17014,TLS,204.79.197.203,10.12.16.216,TCP,0x0303,108612,7751,4195072,24,443,51495,0.0,98,86207,98,0,,,Unknown,,
1434,1739284737.17014,TCP,204.79.197.203,10.12.16.216,TCP,Unknown,110073,7751,4195072,16,443,51495,0.0,99,87641,99,0,,,Unknown,,
54,1739284737.170176,TCP,10.12.16.216,204.79.197.203,TCP,Unknown,7751,111453,131072,16,51495,443,3.600120544433594e-05,44,8500,44,1,,,Unknown,,
913,1739284737.170727,TLS,204.79.197.203,10.12.16.216,TCP,0x0303,111453,7751,4195072,24,443,51495,0.0005509853363037109,100,88554,100,0,,,Unknown,,
54,1739284737.170751,TCP,10.12.16.216,204.79.197.203,TCP,Unknown,7751,113692,131072,16,51495,443,2.4080276489257812e-05,45,8554,45,1,,,Unknown,,
1434,1739284737.172488,TCP,204.79.197.203,10.12.16.216,TCP,Unknown,113692,7751,4195072,16,443,51495,0.0017368793487548828,101,89988,101,0,,,Unknown,,
1365,1739284737.172488,TLS,204.79.197.203,10.12.16.216,TCP,0x0303,115072,7751,4195072,24,443,51495,0.0,102,91353,102,0,,,Unknown,,
135,1739284737.172488,TLS,204.79.197.203,10.12.16.216,TCP,0x0303,116383,7751,4195072,24,443,51495,0.0,103,91488,103,0,,,Unknown,,
54,1739284737.172516,TCP,10.12.16.216,204.79.197.203,TCP,Unknown,7751,117844,131072,16,51495,443,2.8133392333984375e-05,46,8608,46,1,,,Unknown,,
1434,1739284737.173219,TCP,204.79.197.203,10.12.16.216,TCP,Unknown,117844,7751,4195072,16,443,51495,0.0004620552062988281,104,92922,104,0,,,Unknown,,
1421,1739284737.173219,TLS,204.79.197.203,10.12.16.216,TCP,0x0303,119224,7751,4195072,24,443,51495,0.0,105,94343,105,0,,,Unknown,,
54,1739284737.173239,TCP,10.12.16.216,204.79.197.203,TCP,Unknown,7751,120591,131072,16,51495,443,2.002716064453125e-05,47,8662,47,1,,,Unknown,,
1434,1739284737.174391,TCP,204.79.197.203,10.12.16.216,TCP,Unknown,121971,7751,4195072,16,443,51495,2.3126602172851562e-05,106,95777,106,0,,,Unknown,,
1365,1739284737.174391,TLS,204.79.197.203,10.12.16.216,TCP,0x0303,123351,7751,4195072,24,443,51495,0.0,107,97142,107,0,,,Unknown,,
54,1739284737.174408,TCP,10.12.16.216,204.79.197.203,TCP,Unknown,7751,124662,131072,16,51495,443,1.6927719116210938e-05,48,8716,48,1,,,Unknown,,
135,1739284737.176239,TLS,204.79.197.203,10.12.16.216,TCP,0x0303,124662,7751,4195072,24,443,51495,0.0015790462493896484,108,97277,108,0,,,Unknown,,
1434,1739284737.176239,TCP,204.79.197.203,10.12.16.216,TCP,Unknown,126123,7751,4195072,16,443,51495,0.0,109,98711,109,0,,,Unknown,,
1412,1739284737.176239,TLS,204.79.197.203,10.12.16.216,TCP,0x0303,127503,7751,4195072,24,443,51495,0.0,110,100123,110,0,,,Unknown,,
54,1739284737.176265,TCP,10.12.16.216,204.79.197.203,TCP,Unknown,7751,128861,131072,16,51495,443,2.5987625122070312e-05,49,8770,49,1,,,Unknown,,
106,1739284737.17665,TLS,204.79.197.203,10.12.16.216,TCP,0x0303,128861,7751,4195072,24,443,51495,0.00038504600524902344,111,100229,111,0,,,Unknown,,
119,1739284737.17665,TLS,204.79.197.203,10.12.16.216,TCP,0x0303,130293,7751,4195072,24,443,51495,0.0,112,100348,112,0,,,Unknown,,
54,1739284737.17667,TCP,10.12.16.216,204.79.197.203,TCP,Unknown,7751,130358,131072,16,51495,443,2.002716064453125e-05,50,8824,50,1,,,Unknown,,
1434,1739284737.198115,TLS,204.79.197.203,10.12.16.216,TCP,0x0303,131738,7751,4195072,24,443,51495,0.011143207550048828,113,101782,113,0,,,Unknown,,
1434,1739284737.198115,TCP,204.79.197.203,10.12.16.216,TCP,Unknown,133118,7751,4195072,16,443,51495,0.0,114,103216,114,0,,,Unknown,,
1434,1739284737.198115,TLS,204.79.197.203,10.12.16.216,TCP,0x0303,134498,7751,4195072,24,443,51495,0.0,115,104650,115,0,,,Unknown,,
1434,1739284737.198115,TCP,204.79.197.203,10.12.16.216,TCP,Unknown,135878,7751,4195072,16,443,51495,0.0,116,106084,116,0,,,Unknown,,
1434,1739284737.198115,TLS,204.79.197.203,10.12.16.216,TCP,0x0303,137258,7751,4195072,24,443,51495,0.0,117,107518,117,0,,,Unknown,,
1434,1739284737.198115,TLS,204.79.197.203,10.12.16.216,TCP,0x0303,140018,7751,4195072,24,443,51495,0.0,118,108952,118,0,,,Unknown,,
54,1739284737.198197,TCP,10.12.16.216,204.79.197.203,TCP,Unknown,7751,141398,262144,16,51495,443,8.177757263183594e-05,51,8878,51,1,,,Unknown,,
1434,1739284737.19826,TLS,204.79.197.203,10.12.16.216,TCP,0x0303,141398,7751,4195072,24,443,51495,6.318092346191406e-05,119,110386,119,0,,,Unknown,,
1434,1739284737.19826,TCP,204.79.197.203,10.12.16.216,TCP,Unknown,142778,7751,4195072,16,443,51495,0.0,120,111820,120,0,,,Unknown,,
54,1739284737.198277,TCP,10.12.16.216,204.79.197.203,TCP,Unknown,7751,144158,262144,16,51495,443,1.6927719116210938e-05,52,8932,52,1,,,Unknown,,
1434,1739284737.198541,TLS,204.79.197.203,10.12.16.216,TCP,0x0303,144158,7751,4195072,24,443,51495,0.0002639293670654297,121,113254,121,0,,,Unknown,,
1434,1739284737.198541,TCP,204.79.197.203,10.12.16.216,TCP,Unknown,145538,7751,4195072,16,443,51495,0.0,122,114688,122,0,,,Unknown,,
54,1739284737.198569,TCP,10.12.16.216,204.79.197.203,TCP,Unknown,7751,146918,262144,16,51495,443,2.8133392333984375e-05,53,8986,53,1,,,Unknown,,
1434,1739284737.202845,TCP,204.79.197.203,10.12.16.216,TCP,Unknown,146918,7751,4195072,16,443,51495,0.0042760372161865234,123,116122,123,0,,,Unknown,,
1434,1739284737.202845,TLS,204.79.197.203,10.12.16.216,TCP,0x0303,148298,7751,4195072,24,443,51495,0.0,124,117556,124,0,,,Unknown,,
1434,1739284737.202845,TCP,204.79.197.203,10.12.16.216,TCP,Unknown,149678,7751,4195072,16,443,51495,0.0,125,118990,125,0,,,Unknown,,
1434,1739284737.202845,TCP,204.79.197.203,10.12.16.216,TCP,Unknown,151058,7751,4195072,16,443,51495,0.0,126,120424,126,0,,,Unknown,,
1434,1739284737.202845,TLS,204.79.197.203,10.12.16.216,TCP,0x0303,152438,7751,4195072,24,443,51495,0.0,127,121858,127,0,,,Unknown,,
1434,1739284737.202845,TCP,204.79.197.203,10.12.16.216,TCP,Unknown,153818,7751,4195072,16,443,51495,0.0,128,123292,128,0,,,Unknown,,
1434,1739284737.202845,TLS,204.79.197.203,10.12.16.216,TCP,0x0303,155198,7751,4195072,24,443,51495,0.0,129,124726,129,0,,,Unknown,,
1434,1739284737.202845,TLS,204.79.197.203,10.12.16.216,TCP,0x0303,156578,7751,4195072,24,443,51495,0.0,130,126160,130,0,,,Unknown,,
54,1739284737.202888,TCP,10.12.16.216,204.79.197.203,TCP,Unknown,7751,157958,262144,16,51495,443,4.291534423828125e-05,54,9040,54,1,,,Unknown,,
1434,1739284737.203049,TCP,204.79.197.203,10.12.16.216,TCP,Unknown,157958,7751,4195072,16,443,51495,0.0001609325408935547,131,127594,131,0,,,Unknown,,
1434,1739284737.203049,TLS,204.79.197.203,10.12.16.216,TCP,0x0303,159338,7751,4195072,24,443,51495,0.0,132,129028,132,0,,,Unknown,,
1434,1739284737.203049,TCP,204.79.197.203,10.12.16.216,TCP,Unknown,160718,7751,4195072,16,443,51495,0.0,133,130462,133,0,,,Unknown,,
1434,1739284737.203049,TLS,204.79.197.203,10.12.16.216,TCP,0x0303,162098,7751,4195072,24,443,51495,0.0,134,131896,134,0,,,Unknown,,
54,1739284737.203076,TCP,10.12.16.216,204.79.197.203,TCP,Unknown,7751,163478,262144,16,51495,443,2.6941299438476562e-05,55,9094,55,1,,,Unknown,,
1434,1739284737.203242,TCP,204.79.197.203,10.12.16.216,TCP,Unknown,163478,7751,4195072,16,443,51495,0.00016617774963378906,135,133330,135,0,,,Unknown,,
1434,1739284737.203603,TLS,204.79.197.203,10.12.16.216,TCP,0x0303,164858,7751,4195072,24,443,51495,0.0003609657287597656,136,134764,136,0,,,Unknown,,
1434,1739284737.203603,TLS,204.79.197.203,10.12.16.216,TCP,0x0303,166238,7751,4195072,24,443,51495,0.0,137,136198,137,0,,,Unknown,,
54,1739284737.203621,TCP,10.12.16.216,204.79.197.203,TCP,Unknown,7751,167618,262144,16,51495,443,1.7881393432617188e-05,56,9148,56,1,,,Unknown,,
1434,1739284737.205298,TCP,204.79.197.203,10.12.16.216,TCP,Unknown,167618,7751,4195072,16,443,51495,0.0016770362854003906,138,137632,138,0,,,Unknown,,
1434,1739284737.205298,TCP,204.79.197.203,10.12.16.216,TCP,Unknown,168998,7751,4195072,16,443,51495,0.0,139,139066,139,0,,,Unknown,,
1434,1739284737.205298,TLS,204.79.197.203,10.12.16.216,TCP,0x0303,170378,7751,4195072,24,443,51495,0.0,140,140500,140,0,,,Unknown,,
1434,1739284737.205298,TCP,204.79.197.203,10.12.16.216,TCP,Unknown,171758,7751,4195072,16,443,51495,0.0,141,141934,141,0,,,Unknown,,
54,1739284737.205338,TCP,10.12.16.216,204.79.197.203,TCP,Unknown,7751,173138,262144,16,51495,443,4.00543212890625e-05,57,9202,57,1,,,Unknown,,
1434,1739284737.206136,TLS,204.79.197.203,10.12.16.216,TCP,0x0303,173138,7751,4195072,24,443,51495,0.0007979869842529297,142,143368,142,0,,,Unknown,,
1434,1739284737.206136,TLS,204.79.197.203,10.12.16.216,TCP,0x0303,174518,7751,4195072,24,443,51495,0.0,143,144802,143,0,,,Unknown,,
54,1739284737.206186,TCP,10.12.16.216,204.79.197.203,TCP,Unknown,7751,175898,262144,16,51495,443,5.0067901611328125e-05,58,9256,58,1,,,Unknown,,
1434,1739284737.206473,TCP,204.79.197.203,10.12.16.216,TCP,Unknown,175898,7751,4195072,16,443,51495,0.00028705596923828125,144,146236,144,0,,,Unknown,,
54,1739284737.206525,TCP,10.12.16.216,204.79.197.203,TCP,Unknown,7751,177278,262144,16,51495,443,5.1975250244140625e-05,59,9310,59,1,,,Unknown,,
1434,1739284737.207154,TCP,204.79.197.203,10.12.16.216,TCP,Unknown,177278,7751,4195072,16,443,51495,0.0006289482116699219,145,147670,145,0,,,Unknown,,
1434,1739284737.219519,TLS,204.79.197.203,10.12.16.216,TCP,0x0303,178658,7751,4195072,24,443,51495,0.01067495346069336,146,149104,146,0,,,Unknown,,
1224,1739284737.219519,TLS,204.79.197.203,10.12.16.216,TCP,0x0303,180038,7751,4195072,24,443,51495,0.0,147,150328,147,0,,,Unknown,,
54,1739284737.219618,TCP,10.12.16.216,204.79.197.203,TCP,Unknown,7751,181208,262144,16,51495,443,9.918212890625e-05,60,9364,60,1,,,Unknown,,
66,1739284737.829087,TCP,10.12.16.216,204.79.197.203,TCP,Unknown,0,0,64240,2,51501,443,0.0008330345153808594,61,9430,61,1,,,Unknown,,
66,1739284737.882588,TCP,204.79.197.203,10.12.16.216,TCP,Unknown,0,1,65535,18,443,51501,0.00565791130065918,148,150394,148,1,,,Unknown,,
54,1739284737.882704,TCP,10.12.16.216,204.79.197.203,TCP,Unknown,1,1,131072,16,51501,443,0.00011610984802246094,62,9484,62,1,,,Unknown,,
492,1739284737.883575,TLS,10.12.16.216,204.79.197.203,TCP,0x0301,1381,1,131072,24,51501,443,0.0008709430694580078,63,9976,63,1,,1.0,Unknown,,
56,1739284737.939895,TCP,204.79.197.203,10.12.16.216,TCP,Unknown,1,1381,4195072,16,443,51501,0.006802797317504883,149,150450,149,1,,,Unknown,,
56,1739284737.939895,TCP,204.79.197.203,10.12.16.216,TCP,Unknown,1,1819,4194560,16,443,51501,0.0,150,150506,150,1,,,Unknown,,
153,1739284737.939895,TLS,204.79.197.203,10.12.16.216,TCP,0x0303,1,1819,4194560,24,443,51501,0.0,151,150659,151,1,,2.0,Unknown,,
718,1739284737.941896,TLS,10.12.16.216,204.79.197.203,TCP,0x0303,1819,100,130816,24,51501,443,0.002001047134399414,64,10694,64,0,,1.0,Unknown,,
56,1739284737.994719,TCP,204.79.197.203,10.12.16.216,TCP,Unknown,100,2483,4194048,16,443,51501,0.03183603286743164,152,150715,152,1,,,Unknown,,
1434,1739284737.997585,TLS,204.79.197.203,10.12.16.216,TCP,0x0303,100,2483,4194048,16,443,51501,0.0018460750579833984,153,152149,153,1,,2.0,Unknown,,
1434,1739284737.997585,TCP,204.79.197.203,10.12.16.216,TCP,Unknown,1480,2483,4194048,16,443,51501,0.0,154,153583,154,1,,,Unknown,,
1434,1739284737.997585,TCP,204.79.197.203,10.12.16.216,TCP,Unknown,2860,2483,4194048,16,443,51501,0.0,155,155017,155,1,,,Unknown,,
1434,1739284737.997585,TCP,204.79.197.203,10.12.16.216,TCP,Unknown,4240,2483,4194048,16,443,51501,0.0,156,156451,156,1,,,Unknown,,
565,1739284737.997585,TLS,204.79.197.203,10.12.16.216,TCP,0x0303,5620,2483,4194048,24,443,51501,0.0,157,157016,157,1,,,Unknown,,
54,1739284737.997691,TCP,10.12.16.216,204.79.197.203,TCP,Unknown,2483,6131,131072,16,51501,443,0.00010585784912109375,65,10748,65,0,,,Unknown,,
128,1739284738.003367,TLS,10.12.16.216,204.79.197.203,TCP,0x0303,2483,6131,131072,24,51501,443,0.003386974334716797,66,10876,66,1,,,Unknown,,
146,1739284738.003635,TLS,10.12.16.216,204.79.197.203,TCP,0x0303,2557,6131,131072,24,51501,443,0.00026798248291015625,67,11022,67,0,,,Unknown,,
1434,1739284738.003918,TCP,10.12.16.216,204.79.197.203,TCP,Unknown,4029,6131,131072,16,51501,443,0.0002830028533935547,68,12456,68,0,,,Unknown,,
1196,1739284738.003918,TLS,10.12.16.216,204.79.197.203,TCP,0x0303,5409,6131,131072,24,51501,443,0.0,69,13652,69,0,,,Unknown,,
1434,1739284738.028594,TCP,10.12.16.216,204.79.197.203,TCP,Unknown,7931,6131,131072,16,51501,443,0.00024390220642089844,70,15086,70,0,,,Unknown,,
1202,1739284738.028594,TLS,10.12.16.216,204.79.197.203,TCP,0x0303,9311,6131,131072,24,51501,443,0.0,71,16288,71,0,,,Unknown,,
56,1739284738.055061,TCP,204.79.197.203,10.12.16.216,TCP,Unknown,6131,2557,4193792,16,443,51501,0.005728006362915039,158,157072,158,1,,,Unknown,,
513,1739284738.055061,TLS,204.79.197.203,10.12.16.216,TCP,0x0303,6131,2557,4193792,24,443,51501,0.0,159,157585,159,1,,,Unknown,,
116,1739284738.055061,TLS,204.79.197.203,10.12.16.216,TCP,0x0303,6590,2557,4193792,24,443,51501,0.0,160,157701,160,1,,,Unknown,,
54,1739284738.055185,TCP,10.12.16.216,204.79.197.203,TCP,Unknown,10459,6652,130560,16,51501,443,0.0001239776611328125,72,16342,72,0,,,Unknown,,
85,1739284738.055748,TLS,10.12.16.216,204.79.197.203,TCP,0x0303,10459,6652,130560,24,51501,443,0.0005629062652587891,73,16427,73,1,,,Unknown,,
85,1739284738.055981,TLS,204.79.197.203,10.12.16.216,TCP,0x0303,6652,2649,4193792,24,443,51501,0.00023293495178222656,161,157786,161,1,,,Unknown,,
56,1739284738.055981,TCP,204.79.197.203,10.12.16.216,TCP,Unknown,6683,6551,4195072,16,443,51501,0.0,162,157842,162,1,,,Unknown,,
56,1739284738.080849,TCP,204.79.197.203,10.12.16.216,TCP,Unknown,6683,7931,4195072,16,443,51501,0.0025529861450195312,163,157898,163,1,,,Unknown,,
56,1739284738.080849,TCP,204.79.197.203,10.12.16.216,TCP,Unknown,6683,10459,4195072,16,443,51501,0.0,164,157954,164,1,,,Unknown,,
54,1739284738.096133,TCP,10.12.16.216,204.79.197.203,TCP,Unknown,10490,6683,130304,16,51501,443,0.015284061431884766,74,16481,74,0,,,Unknown,,
454,1739284738.106811,TLS,204.79.197.203,10.12.16.216,TCP,0x0303,6683,10459,4195072,24,443,51501,0.0067479610443115234,165,158408,165,1,,,Unknown,,
56,1739284738.107829,TCP,204.79.197.203,10.12.16.216,TCP,Unknown,7083,10490,4195072,16,443,51501,0.0010180473327636719,166,158464,166,0,,,Unknown,,
198,1739284738.147946,TLS,204.79.197.203,10.12.16.216,TCP,0x0303,7083,10490,4195072,24,443,51501,0.006206989288330078,167,158662,167,1,,,Unknown,,
54,1739284738.148007,TCP,10.12.16.216,204.79.197.203,TCP,Unknown,10490,7227,129792,16,51501,443,6.103515625e-05,75,16535,75,1,,,Unknown,,
66,1739284738.176738,TCP,10.12.16.216,204.79.197.203,TCP,Unknown,0,0,64240,2,51502,443,0.028731107711791992,76,16601,76,1,,,Unknown,,
66,1739284738.229297,TCP,204.79.197.203,10.12.16.216,TCP,Unknown,0,1,65535,18,443,51502,0.011920928955078125,168,158728,168,1,,,Unknown,,
54,1739284738.22938,TCP,10.12.16.216,204.79.197.203,TCP,Unknown,1,1,131072,16,51502,443,8.296966552734375e-05,77,16655,77,1,,,Unknown,,
396,1739284738.230548,TLS,10.12.16.216,204.79.197.203,TCP,0x0301,1381,1,131072,24,51502,443,0.0011680126190185547,78,17051,78,1,,1.0,Unknown,,
