packet_size,timestamp,protocol,ip_src,ip_dst,transport,tls_version,tcp_seq,tcp_ack,tcp_window,tcp_flags,tls_handshake_type,tls_cipher_suite,flow_size,flow_volume,inter_packet_time,avg_rtt
246.0,1739285635.5269,DATA,10.12.1.35,255.255.255.255,UDP,Unknown,836.0,836.0,511.0,16.0,Unknown,Unknown,246.0,1.0,0.1238868236541748,
86.0,1739285635.751609,DNS,10.12.16.216,172.16.0.232,UDP,Unknown,836.0,836.0,511.0,16.0,Unknown,Unknown,86.0,1.0,0.1238868236541748,
86.0,1739285635.751742,DNS,10.12.16.216,172.16.0.232,UDP,Unknown,836.0,836.0,511.0,16.0,Unknown,Unknown,86.0,1.0,0.1238868236541748,
276.0,1739285635.754433,DNS,172.16.0.232,10.12.16.216,UDP,Unknown,836.0,836.0,511.0,16.0,Unknown,Unknown,276.0,1.0,0.1238868236541748,
66.0,1739285635.763188,TCP,10.12.16.216,52.123.129.14,TCP,Unknown,0.0,0.0,64240.0,2.0,Unknown,Unknown,66.0,1.0,0.1238868236541748,
244.0,1739285635.807118,DNS,172.16.0.232,10.12.16.216,UDP,Unknown,836.0,836.0,511.0,16.0,Unknown,Unknown,244.0,1.0,0.1238868236541748,
66.0,1739285635.817274,TCP,52.123.129.14,10.12.16.216,TCP,Unknown,0.0,1.0,65535.0,18.0,Unknown,Unknown,66.0,1.0,0.1238868236541748,
54.0,1739285635.817406,TCP,10.12.16.216,52.123.129.14,TCP,Unknown,1.0,1.0,131072.0,16.0,Unknown,Unknown,120.0,2.0,0.05421805381774902,0.05421805381774902
100.0,1739285635.817733,MDNS,10.12.0.254,224.0.0.251,UDP,Unknown,836.0,836.0,511.0,16.0,Unknown,Unknown,100.0,1.0,0.1238868236541748,
506.0,1739285635.817975,TLS,10.12.16.216,52.123.129.14,TCP,0x0301,1381.0,1.0,131072.0,24.0,1.0,Unknown,626.0,3.0,0.0005691051483154297,0.05421805381774902
56.0,1739285635.871952,TCP,52.123.129.14,10.12.16.216,TCP,Unknown,1.0,1381.0,12584192.0,16.0,Unknown,Unknown,122.0,2.0,0.05467796325683594,0.05467796325683594
56.0,1739285635.871952,TCP,52.123.129.14,10.12.16.216,TCP,Unknown,1.0,1833.0,12583680.0,16.0,Unknown,Unknown,178.0,3.0,0.0,0.02733898162841797
153.0,1739285635.871952,TLS,52.123.129.14,10.12.16.216,TCP,0x0303,1.0,1833.0,12583680.0,24.0,2.0,Unknown,331.0,4.0,0.0,0.02733898162841797
732.0,1739285635.873138,TLS,10.12.16.216,52.123.129.14,TCP,0x0303,1833.0,100.0,130816.0,24.0,1.0,Unknown,1358.0,4.0,0.055162906646728516,0.05421805381774902
56.0,1739285635.927319,TCP,52.123.129.14,10.12.16.216,TCP,Unknown,100.0,2511.0,12582912.0,16.0,Unknown,Unknown,387.0,5.0,0.05536699295043945,0.0366816520690918
1434.0,1739285635.929174,TLS,52.123.129.14,10.12.16.216,TCP,0x0303,100.0,2511.0,12582912.0,16.0,2.0,Unknown,1821.0,6.0,0.0018548965454101562,0.027974963188171387
1434.0,1739285635.929174,TCP,52.123.129.14,10.12.16.216,TCP,Unknown,1480.0,2511.0,12582912.0,16.0,Unknown,Unknown,3255.0,7.0,0.0,0.022379970550537108
1434.0,1739285635.929174,TCP,52.123.129.14,10.12.16.216,TCP,Unknown,2860.0,2511.0,12582912.0,16.0,Unknown,Unknown,4689.0,8.0,0.0,0.018649975458780926
1434.0,1739285635.929174,TCP,52.123.129.14,10.12.16.216,TCP,Unknown,4240.0,2511.0,12582912.0,16.0,Unknown,Unknown,6123.0,9.0,0.0,0.01598569325038365
625.0,1739285635.929174,TLS,52.123.129.14,10.12.16.216,TCP,0x0303,5620.0,2511.0,12582912.0,24.0,Unknown,Unknown,6748.0,10.0,0.0,0.01598569325038365
54.0,1739285635.929257,TCP,10.12.16.216,52.123.129.14,TCP,Unknown,2511.0,6191.0,131072.0,16.0,Unknown,Unknown,1412.0,5.0,0.05611896514892578,0.0551685094833374
128.0,1739285635.935031,TLS,10.12.16.216,52.123.129.14,TCP,0x0303,2511.0,6191.0,131072.0,24.0,Unknown,Unknown,1540.0,6.0,0.005774021148681641,0.0551685094833374
146.0,1739285635.935193,TLS,10.12.16.216,52.123.129.14,TCP,0x0303,2585.0,6191.0,131072.0,24.0,Unknown,Unknown,1686.0,7.0,0.0001621246337890625,0.0551685094833374
1082.0,1739285635.935345,TLS,10.12.16.216,52.123.129.14,TCP,0x0303,2677.0,6191.0,131072.0,24.0,Unknown,Unknown,2768.0,8.0,0.0001518726348876953,0.0551685094833374
56.0,1739285635.987813,TCP,52.123.129.14,10.12.16.216,TCP,Unknown,6191.0,2677.0,12582912.0,16.0,Unknown,Unknown,6804.0,11.0,0.0586390495300293,0.021317362785339355
513.0,1739285635.987813,TLS,52.123.129.14,10.12.16.216,TCP,0x0303,6191.0,2677.0,12582912.0,24.0,Unknown,Unknown,7317.0,12.0,0.0,0.021317362785339355
56.0,1739285635.987813,TCP,52.123.129.14,10.12.16.216,TCP,Unknown,6650.0,3705.0,12584192.0,16.0,Unknown,Unknown,7373.0,13.0,0.0,0.01894876692030165
116.0,1739285635.987813,TLS,52.123.129.14,10.12.16.216,TCP,0x0303,6650.0,3705.0,12584192.0,24.0,Unknown,Unknown,7489.0,14.0,0.0,0.01894876692030165
54.0,1739285635.987893,TCP,10.12.16.216,52.123.129.14,TCP,Unknown,3705.0,6712.0,130560.0,16.0,Unknown,Unknown,2822.0,9.0,0.05254817008972168,0.05429506301879883
85.0,1739285635.988213,TLS,10.12.16.216,52.123.129.14,TCP,0x0303,3705.0,6712.0,130560.0,24.0,Unknown,Unknown,2907.0,10.0,0.0003199577331542969,0.05429506301879883
731.0,1739285636.041315,TLS,52.123.129.14,10.12.16.216,TCP,0x0303,6712.0,3705.0,12584192.0,24.0,Unknown,Unknown,8220.0,15.0,0.05350208282470703,0.01894876692030165
56.0,1739285636.041315,TCP,52.123.129.14,10.12.16.216,TCP,Unknown,7389.0,3736.0,12583936.0,16.0,Unknown,Unknown,8276.0,16.0,0.0,0.017053890228271484
902.0,1739285636.049317,TLS,10.12.16.216,52.123.129.14,TCP,0x0303,3736.0,7389.0,129792.0,24.0,Unknown,Unknown,3809.0,11.0,0.06110382080078125,0.05429506301879883
92.0,1739285636.063405,TLS,10.12.16.216,144.195.35.126,TCP,0x0303,1.0,1.0,512.0,24.0,Unknown,Unknown,92.0,1.0,0.1238868236541748,
56.0,1739285636.102946,TCP,52.123.129.14,10.12.16.216,TCP,Unknown,7389.0,4584.0,12583168.0,16.0,Unknown,Unknown,8332.0,17.0,0.061630964279174805,0.02110635150562633
1298.0,1739285636.143879,TLS,52.123.129.14,10.12.16.216,TCP,0x0303,8769.0,4584.0,12583168.0,24.0,Unknown,Unknown,9630.0,18.0,0.04093289375305176,0.02110635150562633
1434.0,1739285636.143879,TCP,52.123.129.14,10.12.16.216,TCP,Unknown,11393.0,4584.0,12583168.0,16.0,Unknown,Unknown,11064.0,19.0,0.0,0.01934748888015747
1434.0,1739285636.143879,TCP,52.123.129.14,10.12.16.216,TCP,Unknown,12773.0,4584.0,12583168.0,16.0,Unknown,Unknown,12498.0,20.0,0.0,0.017859220504760742
54.0,1739285636.143989,TCP,10.12.16.216,52.123.129.14,TCP,Unknown,4584.0,14153.0,131072.0,16.0,Unknown,Unknown,3863.0,12.0,0.09467220306396484,0.06438934803009033
1434.0,1739285636.144324,TCP,52.123.129.14,10.12.16.216,TCP,Unknown,14153.0,4584.0,12583168.0,16.0,Unknown,Unknown,13932.0,21.0,0.0004451274871826172,0.016615356717790877
1434.0,1739285636.144324,TCP,52.123.129.14,10.12.16.216,TCP,Unknown,15533.0,4584.0,12583168.0,16.0,Unknown,Unknown,15366.0,22.0,0.0,0.015507666269938152
1377.0,1739285636.144324,TLS,52.123.129.14,10.12.16.216,TCP,0x0303,16913.0,4584.0,12583168.0,24.0,Unknown,Unknown,16743.0,23.0,0.0,0.015507666269938152
54.0,1739285636.144348,TCP,10.12.16.216,52.123.129.14,TCP,Unknown,4584.0,18236.0,131072.0,16.0,Unknown,Unknown,3917.0,13.0,0.00035881996154785156,0.05158324241638183
1434.0,1739285636.144596,TCP,52.123.129.14,10.12.16.216,TCP,Unknown,19616.0,4584.0,12583168.0,16.0,Unknown,Unknown,18177.0,24.0,0.0002720355987548828,0.014555439352989197
54.0,1739285636.144621,TCP,10.12.16.216,52.123.129.14,TCP,Unknown,4584.0,20996.0,131072.0,16.0,Unknown,Unknown,3971.0,14.0,0.00027298927307128906,0.043031533559163414
1434.0,1739285636.144732,TCP,52.123.129.14,10.12.16.216,TCP,Unknown,20996.0,4584.0,12583168.0,16.0,Unknown,Unknown,19611.0,25.0,0.00013589859008789062,0.013707231072818531
891.0,1739285636.144732,TLS,52.123.129.14,10.12.16.216,TCP,0x0303,22376.0,4584.0,12583168.0,24.0,Unknown,Unknown,20502.0,26.0,0.0,0.013707231072818531
54.0,1739285636.144775,TCP,10.12.16.216,52.123.129.14,TCP,Unknown,4584.0,23213.0,131072.0,16.0,Unknown,Unknown,4025.0,15.0,0.00015401840209960938,0.03690617425101144
1434.0,1739285636.144799,TCP,52.123.129.14,10.12.16.216,TCP,Unknown,24593.0,4584.0,12583168.0,16.0,Unknown,Unknown,21936.0,27.0,6.699562072753906e-05,0.012949440214369033
54.0,1739285636.14482,TCP,10.12.16.216,52.123.129.14,TCP,Unknown,4584.0,25973.0,131072.0,16.0,Unknown,Unknown,4079.0,16.0,4.506111145019531e-05,0.032298535108566284
1434.0,1739285636.14496,TCP,52.123.129.14,10.12.16.216,TCP,Unknown,25973.0,4584.0,12583168.0,16.0,Unknown,Unknown,23370.0,28.0,0.0001609325408935547,0.012276360863133481
1434.0,1739285636.14496,TCP,52.123.129.14,10.12.16.216,TCP,Unknown,27353.0,4584.0,12583168.0,16.0,Unknown,Unknown,24804.0,29.0,0.0,0.011662542819976807
54.0,1739285636.145001,TCP,10.12.16.216,52.123.129.14,TCP,Unknown,4584.0,28733.0,131072.0,16.0,Unknown,Unknown,4133.0,17.0,0.00018095970153808594,0.028729915618896484
1434.0,1739285636.145241,TCP,52.123.129.14,10.12.16.216,TCP,Unknown,28733.0,4584.0,12583168.0,16.0,Unknown,Unknown,26238.0,30.0,0.0002810955047607422,0.011120569138299851
1377.0,1739285636.145241,TLS,52.123.129.14,10.12.16.216,TCP,0x0303,30113.0,4584.0,12583168.0,24.0,Unknown,Unknown,27615.0,31.0,0.0,0.011120569138299851
54.0,1739285636.145292,TCP,10.12.16.216,52.123.129.14,TCP,Unknown,4584.0,31436.0,131072.0,16.0,Unknown,Unknown,4187.0,18.0,0.0002911090850830078,0.025886034965515135
1434.0,1739285636.14721,TCP,52.123.129.14,10.12.16.216,TCP,Unknown,32816.0,4584.0,12583168.0,16.0,Unknown,Unknown,29049.0,32.0,0.001968860626220703,0.0107045823877508
1434.0,1739285636.14721,TCP,52.123.129.14,10.12.16.216,TCP,Unknown,34196.0,4584.0,12583168.0,16.0,Unknown,Unknown,30483.0,33.0,0.0,0.010239165762196417
54.0,1739285636.147304,TCP,10.12.16.216,52.123.129.14,TCP,Unknown,4584.0,35576.0,131072.0,16.0,Unknown,Unknown,4241.0,19.0,0.002012014389038086,0.02371566945856268
1434.0,1739285636.198262,TCP,52.123.129.14,10.12.16.216,TCP,Unknown,35576.0,4584.0,12583168.0,16.0,Unknown,Unknown,31917.0,34.0,0.051052093505859375,0.011939704418182373
1434.0,1739285636.198262,TCP,52.123.129.14,10.12.16.216,TCP,Unknown,36956.0,4584.0,12583168.0,16.0,Unknown,Unknown,33351.0,35.0,0.0,0.011462116241455078
1434.0,1739285636.198262,TLS,52.123.129.14,10.12.16.216,TCP,0x0303,38336.0,4584.0,12583168.0,24.0,Unknown,Unknown,34785.0,36.0,0.0,0.011462116241455078
1434.0,1739285636.198262,TCP,52.123.129.14,10.12.16.216,TCP,Unknown,39716.0,4584.0,12583168.0,16.0,Unknown,Unknown,36219.0,37.0,0.0,0.011021265616783729
54.0,1739285636.198368,TCP,10.12.16.216,52.123.129.14,TCP,Unknown,4584.0,41096.0,131072.0,16.0,Unknown,Unknown,4295.0,20.0,0.05106401443481445,0.02599469820658366
1434.0,1739285636.198604,TCP,52.123.129.14,10.12.16.216,TCP,Unknown,41096.0,4584.0,12583168.0,16.0,Unknown,Unknown,37653.0,38.0,0.0003421306610107422,0.010625742099903248
1434.0,1739285636.198604,TCP,52.123.129.14,10.12.16.216,TCP,Unknown,42476.0,4584.0,12583168.0,16.0,Unknown,Unknown,39087.0,39.0,0.0,0.010246251310620989
1434.0,1739285636.198604,TCP,52.123.129.14,10.12.16.216,TCP,Unknown,43856.0,4584.0,12583168.0,16.0,Unknown,Unknown,40521.0,40.0,0.0,0.00989293229990992
1434.0,1739285636.198604,TCP,52.123.129.14,10.12.16.216,TCP,Unknown,45236.0,4584.0,12583168.0,16.0,Unknown,Unknown,41955.0,41.0,0.0,0.009563167889912924
1434.0,1739285636.198604,TLS,52.123.129.14,10.12.16.216,TCP,0x0303,46616.0,4584.0,12583168.0,24.0,Unknown,Unknown,43389.0,42.0,0.0,0.009563167889912924
1434.0,1739285636.198604,TCP,52.123.129.14,10.12.16.216,TCP,Unknown,47996.0,4584.0,12583168.0,16.0,Unknown,Unknown,44823.0,43.0,0.0,0.009254678603141539
1434.0,1739285636.198604,TCP,52.123.129.14,10.12.16.216,TCP,Unknown,49376.0,4584.0,12583168.0,16.0,Unknown,Unknown,46257.0,44.0,0.0,0.008965469896793365
1434.0,1739285636.198604,TCP,52.123.129.14,10.12.16.216,TCP,Unknown,50756.0,4584.0,12583168.0,16.0,Unknown,Unknown,47691.0,45.0,0.0,0.00869378899082993
54.0,1739285636.198657,TCP,10.12.16.216,52.123.129.14,TCP,Unknown,4584.0,52136.0,131072.0,16.0,Unknown,Unknown,4349.0,21.0,0.00028896331787109375,0.024017333984375
1434.0,1739285636.198739,TCP,52.123.129.14,10.12.16.216,TCP,Unknown,52136.0,4584.0,12583168.0,16.0,Unknown,Unknown,49125.0,46.0,0.00013494491577148438,0.008442058282739976
1434.0,1739285636.198739,TCP,52.123.129.14,10.12.16.216,TCP,Unknown,53516.0,4584.0,12583168.0,16.0,Unknown,Unknown,50559.0,47.0,0.0,0.008200856617518834
1434.0,1739285636.198739,TLS,52.123.129.14,10.12.16.216,TCP,0x0303,54896.0,4584.0,12583168.0,24.0,Unknown,Unknown,51993.0,48.0,0.0,0.008200856617518834
54.0,1739285636.198788,TCP,10.12.16.216,52.123.129.14,TCP,Unknown,4584.0,56276.0,131072.0,16.0,Unknown,Unknown,4403.0,22.0,0.0001308917999267578,0.022311159542628696
1434.0,1739285636.200212,TCP,52.123.129.14,10.12.16.216,TCP,Unknown,56276.0,4584.0,12583168.0,16.0,Unknown,Unknown,53427.0,49.0,0.0014729499816894531,0.00801397032207913
1434.0,1739285636.200212,TCP,52.123.129.14,10.12.16.216,TCP,Unknown,57656.0,4584.0,12583168.0,16.0,Unknown,Unknown,54861.0,50.0,0.0,0.007797376529590503
1434.0,1739285636.200212,TCP,52.123.129.14,10.12.16.216,TCP,Unknown,59036.0,4584.0,12583168.0,16.0,Unknown,Unknown,56295.0,51.0,0.0,0.007592182410390754
1434.0,1739285636.200212,TCP,52.123.129.14,10.12.16.216,TCP,Unknown,60416.0,4584.0,12583168.0,16.0,Unknown,Unknown,57729.0,52.0,0.0,0.007397511066534581
54.0,1739285636.200251,TCP,10.12.16.216,52.123.129.14,TCP,Unknown,4584.0,61796.0,131072.0,16.0,Unknown,Unknown,4457.0,23.0,0.001463174819946289,0.02092129389444987
1434.0,1739285636.200524,TCP,52.123.129.14,10.12.16.216,TCP,Unknown,61796.0,4584.0,12583168.0,16.0,Unknown,Unknown,59163.0,53.0,0.0003120899200439453,0.007220375537872315
1434.0,1739285636.200524,TLS,52.123.129.14,10.12.16.216,TCP,0x0303,63176.0,4584.0,12583168.0,24.0,Unknown,Unknown,60597.0,54.0,0.0,0.007220375537872315
54.0,1739285636.200567,TCP,10.12.16.216,52.123.129.14,TCP,Unknown,4584.0,64556.0,131072.0,16.0,Unknown,Unknown,4511.0,24.0,0.0003159046173095703,0.0196334570646286
1434.0,1739285636.201714,TCP,52.123.129.14,10.12.16.216,TCP,Unknown,64556.0,4584.0,12583168.0,16.0,Unknown,Unknown,62031.0,55.0,0.0011899471282958984,0.0070732919181265485
1434.0,1739285636.201714,TCP,52.123.129.14,10.12.16.216,TCP,Unknown,65936.0,4584.0,12583168.0,16.0,Unknown,Unknown,63465.0,56.0,0.0,0.006904880205790202
54.0,1739285636.201767,TCP,10.12.16.216,52.123.129.14,TCP,Unknown,4584.0,67316.0,131072.0,16.0,Unknown,Unknown,4565.0,25.0,0.001199960708618164,0.018549133749569163
1434.0,1739285636.202748,TCP,52.123.129.14,10.12.16.216,TCP,Unknown,67316.0,4584.0,12583168.0,16.0,Unknown,Unknown,64899.0,57.0,0.0010340213775634766,0.006768348605133766
1434.0,1739285636.202748,TCP,52.123.129.14,10.12.16.216,TCP,Unknown,68696.0,4584.0,12583168.0,16.0,Unknown,Unknown,66333.0,58.0,0.0,0.006614522500471635
54.0,1739285636.202813,TCP,10.12.16.216,52.123.129.14,TCP,Unknown,4584.0,70076.0,131072.0,16.0,Unknown,Unknown,4619.0,26.0,0.0010459423065185547,0.017576734224955242
1434.0,1739285636.203188,TCP,52.123.129.14,10.12.16.216,TCP,Unknown,70076.0,4584.0,12583168.0,16.0,Unknown,Unknown,67767.0,59.0,0.0004398822784423828,0.0064773082733154295
54.0,1739285636.203241,TCP,10.12.16.216,52.123.129.14,TCP,Unknown,4584.0,71456.0,131072.0,16.0,Unknown,Unknown,4673.0,27.0,0.00042819976806640625,0.01667417977985583
1434.0,1739285636.203573,TLS,52.123.129.14,10.12.16.216,TCP,0x0303,71456.0,4584.0,12583168.0,24.0,Unknown,Unknown,69201.0,60.0,0.00038504600524902344,0.0064773082733154295
1434.0,1739285636.203898,TCP,52.123.129.14,10.12.16.216,TCP,Unknown,72836.0,4584.0,12583168.0,16.0,Unknown,Unknown,70635.0,61.0,0.0003249645233154297,0.00634356167005456
54.0,1739285636.203921,TCP,10.12.16.216,52.123.129.14,TCP,Unknown,4584.0,74216.0,131072.0,16.0,Unknown,Unknown,4727.0,28.0,0.0006799697875976562,0.01587446928024292
1434.0,1739285636.205045,TCP,52.123.129.14,10.12.16.216,TCP,Unknown,74216.0,4584.0,12583168.0,16.0,Unknown,Unknown,72069.0,62.0,0.0011470317840576172,0.006232997204395051
1434.0,1739285636.205045,TCP,52.123.129.14,10.12.16.216,TCP,Unknown,75596.0,4584.0,12583168.0,16.0,Unknown,Unknown,73503.0,63.0,0.0,0.006103143095970154
1434.0,1739285636.205045,TCP,52.123.129.14,10.12.16.216,TCP,Unknown,76976.0,4584.0,12583168.0,16.0,Unknown,Unknown,74937.0,64.0,0.0,0.005978589155236069
54.0,1739285636.205075,TCP,10.12.16.216,52.123.129.14,TCP,Unknown,4584.0,78356.0,131072.0,16.0,Unknown,Unknown,4781.0,29.0,0.0011539459228515625,0.015173491977509997
1434.0,1739285636.206543,TCP,52.123.129.14,10.12.16.216,TCP,Unknown,78356.0,4584.0,12583168.0,16.0,Unknown,Unknown,76371.0,65.0,0.0014979839324951172,0.00588897705078125
1434.0,1739285636.206543,TLS,52.123.129.14,10.12.16.216,TCP,0x0303,79736.0,4584.0,12583168.0,24.0,Unknown,Unknown,77805.0,66.0,0.0,0.00588897705078125
1434.0,1739285636.206543,TCP,52.123.129.14,10.12.16.216,TCP,Unknown,81116.0,4584.0,12583168.0,16.0,Unknown,Unknown,79239.0,67.0,0.0,0.005773506912530637
54.0,1739285636.206585,TCP,10.12.16.216,52.123.129.14,TCP,Unknown,4584.0,82496.0,131072.0,16.0,Unknown,Unknown,4835.0,30.0,0.0015099048614501953,0.014552419835870916
1434.0,1739285636.207826,TCP,52.123.129.14,10.12.16.216,TCP,Unknown,82496.0,4584.0,12583168.0,16.0,Unknown,Unknown,80673.0,68.0,0.0012829303741455078,0.005687149671407847
1434.0,1739285636.207826,TCP,52.123.129.14,10.12.16.216,TCP,Unknown,83876.0,4584.0,12583168.0,16.0,Unknown,Unknown,82107.0,69.0,0.0,0.005579844960626567
162.0,1739285636.207826,TLS,52.123.129.14,10.12.16.216,TCP,0x0303,85256.0,4584.0,12583168.0,24.0,Unknown,Unknown,82269.0,70.0,0.0,0.005579844960626567
54.0,1739285636.207888,TCP,10.12.16.216,52.123.129.14,TCP,Unknown,4584.0,85364.0,131072.0,16.0,Unknown,Unknown,4889.0,31.0,0.001302957534790039,0.013976356257563051
92.0,1739285636.269053,TLS,144.195.35.126,10.12.16.216,TCP,0x0303,1.0,39.0,16.0,24.0,Unknown,Unknown,92.0,1.0,0.1238868236541748,
103.0,1739285636.278795,TLS,144.195.35.126,10.12.16.216,TCP,0x0303,39.0,39.0,16.0,24.0,Unknown,Unknown,195.0,2.0,0.009742021560668945,
54.0,1739285636.278877,TCP,10.12.16.216,144.195.35.126,TCP,Unknown,39.0,88.0,511.0,16.0,Unknown,Unknown,146.0,2.0,0.21547198295593262,0.21547198295593262
121.0,1739285636.279028,TLS,10.12.16.216,144.195.35.126,TCP,0x0303,39.0,88.0,511.0,24.0,Unknown,Unknown,267.0,3.0,0.00015091896057128906,0.21547198295593262
56.0,1739285636.529546,TCP,144.195.35.126,10.12.16.216,TCP,Unknown,88.0,106.0,16.0,16.0,Unknown,Unknown,251.0,3.0,0.2507510185241699,0.2507510185241699
113.0,1739285636.532928,DATA,10.12.16.216,144.195.35.126,UDP,Unknown,836.0,836.0,511.0,16.0,Unknown,Unknown,113.0,1.0,0.1238868236541748,
342.0,1739285636.797696,DHCP,0.0.0.0,255.255.255.255,UDP,Unknown,836.0,836.0,511.0,16.0,Unknown,Unknown,342.0,1.0,0.1238868236541748,
342.0,1739285636.798236,DHCP,0.0.0.0,255.255.255.255,UDP,Unknown,836.0,836.0,511.0,16.0,Unknown,Unknown,684.0,2.0,0.0005397796630859375,
123.0,1739285636.849273,DATA,10.12.16.216,144.195.35.126,UDP,Unknown,836.0,836.0,511.0,16.0,Unknown,Unknown,123.0,1.0,0.1238868236541748,
123.0,1739285637.009173,DATA,10.12.16.216,144.195.35.126,UDP,Unknown,836.0,836.0,511.0,16.0,Unknown,Unknown,236.0,2.0,0.4762449264526367,
123.0,1739285637.009226,DATA,10.12.16.216,144.195.35.126,UDP,Unknown,836.0,836.0,511.0,16.0,Unknown,Unknown,123.0,1.0,0.1238868236541748,
133.0,1739285637.044771,DATA,144.195.35.126,10.12.16.216,UDP,Unknown,836.0,836.0,511.0,16.0,Unknown,Unknown,133.0,1.0,0.1238868236541748,
151.0,1739285637.045067,WG,10.12.16.216,144.195.35.126,UDP,Unknown,836.0,836.0,511.0,16.0,Unknown,Unknown,274.0,2.0,0.19579410552978516,
123.0,1739285637.048346,WG,144.195.35.126,10.12.16.216,UDP,Unknown,836.0,836.0,511.0,16.0,Unknown,Unknown,256.0,2.0,0.0035750865936279297,
123.0,1739285637.209583,WG,144.195.35.126,10.12.16.216,UDP,Unknown,836.0,836.0,511.0,16.0,Unknown,Unknown,123.0,1.0,0.1238868236541748,
133.0,1739285637.209583,DATA,144.195.35.126,10.12.16.216,UDP,Unknown,836.0,836.0,511.0,16.0,Unknown,Unknown,256.0,2.0,0.0,
151.0,1739285637.209867,WG,10.12.16.216,144.195.35.126,UDP,Unknown,836.0,836.0,511.0,16.0,Unknown,Unknown,387.0,3.0,0.20069408416748047,
123.0,1739285637.21374,WG,144.195.35.126,10.12.16.216,UDP,Unknown,836.0,836.0,511.0,16.0,Unknown,Unknown,123.0,1.0,0.1238868236541748,
133.0,1739285637.21374,DATA,144.195.35.126,10.12.16.216,UDP,Unknown,836.0,836.0,511.0,16.0,Unknown,Unknown,256.0,2.0,0.0,
92.0,1739285637.214051,TLS,10.12.16.216,144.195.35.126,TCP,0x0303,1.0,1.0,507.0,24.0,Unknown,Unknown,92.0,1.0,0.1238868236541748,
151.0,1739285637.214145,WG,10.12.16.216,144.195.35.126,UDP,Unknown,836.0,836.0,511.0,16.0,Unknown,Unknown,274.0,2.0,0.20491886138916016,
56.0,1739285637.414134,TCP,144.195.35.126,10.12.16.216,TCP,Unknown,1.0,39.0,11.0,16.0,Unknown,Unknown,56.0,1.0,0.1238868236541748,
92.0,1739285637.414134,TLS,144.195.35.126,10.12.16.216,TCP,0x0303,1.0,39.0,11.0,24.0,Unknown,Unknown,148.0,2.0,0.0,
103.0,1739285637.415198,TLS,144.195.35.126,10.12.16.216,TCP,0x0303,39.0,39.0,11.0,24.0,Unknown,Unknown,251.0,3.0,0.0010640621185302734,
54.0,1739285637.415244,TCP,10.12.16.216,144.195.35.126,TCP,Unknown,39.0,88.0,507.0,16.0,Unknown,Unknown,146.0,2.0,0.20119309425354004,0.20119309425354004
121.0,1739285637.415416,TLS,10.12.16.216,144.195.35.126,TCP,0x0303,39.0,88.0,507.0,24.0,Unknown,Unknown,267.0,3.0,0.00017189979553222656,0.20119309425354004
113.0,1739285637.549267,DATA,10.12.16.216,144.195.35.126,UDP,Unknown,836.0,836.0,511.0,16.0,Unknown,Unknown,500.0,4.0,0.339400053024292,
56.0,1739285637.655425,TCP,144.195.35.126,10.12.16.216,TCP,Unknown,88.0,106.0,11.0,16.0,Unknown,Unknown,307.0,4.0,0.24022698402404785,0.24022698402404785
66.0,1739285638.314557,TCP,10.12.16.216,20.189.173.11,TCP,Unknown,0.0,0.0,64240.0,2.0,Unknown,Unknown,66.0,1.0,0.1238868236541748,
89.0,1739285638.314841,DNS,10.12.16.216,172.16.0.232,UDP,Unknown,836.0,836.0,511.0,16.0,Unknown,Unknown,89.0,1.0,0.1238868236541748,
89.0,1739285638.315083,DNS,10.12.16.216,172.16.0.232,UDP,Unknown,836.0,836.0,511.0,16.0,Unknown,Unknown,89.0,1.0,0.1238868236541748,
275.0,1739285638.318941,DNS,172.16.0.232,10.12.16.216,UDP,Unknown,836.0,836.0,511.0,16.0,Unknown,Unknown,275.0,1.0,0.1238868236541748,
89.0,1739285638.359816,DNS,10.12.16.216,172.16.0.231,UDP,Unknown,836.0,836.0,511.0,16.0,Unknown,Unknown,89.0,1.0,0.1238868236541748,
214.0,1739285638.3698,DNS,172.16.0.232,10.12.16.216,UDP,Unknown,836.0,836.0,511.0,16.0,Unknown,Unknown,214.0,1.0,0.1238868236541748,
212.0,1739285638.41459,DNS,172.16.0.231,10.12.16.216,UDP,Unknown,836.0,836.0,511.0,16.0,Unknown,Unknown,212.0,1.0,0.1238868236541748,
66.0,1739285638.525823,TCP,20.189.173.11,10.12.16.216,TCP,Unknown,0.0,1.0,65535.0,18.0,Unknown,Unknown,66.0,1.0,0.1238868236541748,
54.0,1739285638.525919,TCP,10.12.16.216,20.189.173.11,TCP,Unknown,1.0,1.0,131072.0,16.0,Unknown,Unknown,120.0,2.0,0.21136188507080078,0.21136188507080078
271.0,1739285638.529075,TLS,10.12.16.216,20.189.173.11,TCP,0x0303,1.0,1.0,131072.0,24.0,1.0,Unknown,391.0,3.0,0.003155946731567383,0.21136188507080078
113.0,1739285638.614396,DATA,10.12.16.216,144.195.35.126,UDP,Unknown,836.0,836.0,511.0,16.0,Unknown,Unknown,613.0,5.0,1.065129041671753,
1434.0,1739285638.742951,TCP,20.189.173.11,10.12.16.216,TCP,Unknown,1381.0,218.0,4194816.0,16.0,Unknown,Unknown,1500.0,2.0,0.21712779998779297,0.21712779998779297
1434.0,1739285638.742951,TCP,20.189.173.11,10.12.16.216,TCP,Unknown,2761.0,218.0,4194816.0,16.0,Unknown,Unknown,2934.0,3.0,0.0,0.10856389999389648
364.0,1739285638.742951,TLS,20.189.173.11,10.12.16.216,TCP,0x0303,4141.0,218.0,4194816.0,24.0,2.0,Unknown,3298.0,4.0,0.0,0.10856389999389648
54.0,1739285638.743038,TCP,10.12.16.216,20.189.173.11,TCP,Unknown,218.0,4451.0,131072.0,16.0,Unknown,Unknown,445.0,4.0,0.21396303176879883,0.2126624584197998
212.0,1739285638.747688,TLS,10.12.16.216,20.189.173.11,TCP,0x0303,218.0,4451.0,131072.0,24.0,16.0,Unknown,657.0,5.0,0.004650115966796875,0.2126624584197998
100.0,1739285638.831512,MDNS,10.12.0.254,224.0.0.251,UDP,Unknown,836.0,836.0,511.0,16.0,Unknown,Unknown,200.0,2.0,3.0137789249420166,
105.0,1739285638.95901,TLS,20.189.173.11,10.12.16.216,TCP,0x0303,4451.0,376.0,4194816.0,24.0,Unknown,Unknown,3403.0,5.0,0.21605896949768066,0.10856389999389648
480.0,1739285638.967443,TLS,10.12.16.216,20.189.173.11,TCP,0x0303,376.0,4502.0,130816.0,24.0,Unknown,Unknown,1137.0,6.0,0.21975493431091309,0.2126624584197998
285.0,1739285638.980591,TLS,10.12.16.216,134.224.240.215,TCP,0x0303,1.0,1.0,509.0,24.0,Unknown,Unknown,285.0,1.0,0.1238868236541748,
263.0,1739285639.139809,TLS,134.224.240.215,10.12.16.216,TCP,0x0303,1.0,232.0,9.0,24.0,Unknown,Unknown,263.0,1.0,0.1238868236541748,
108.0,1739285639.178006,TLS,20.189.173.11,10.12.16.216,TCP,0x0303,4502.0,802.0,4194304.0,24.0,Unknown,Unknown,3511.0,6.0,0.2189960479736328,0.10856389999389648
881.0,1739285639.17811,TLS,10.12.16.216,20.189.173.11,TCP,0x0303,802.0,4556.0,130816.0,24.0,Unknown,Unknown,2018.0,7.0,0.21066689491271973,0.2126624584197998
54.0,1739285639.195541,TCP,10.12.16.216,134.224.240.215,TCP,Unknown,232.0,210.0,508.0,16.0,Unknown,Unknown,339.0,2.0,0.2149498462677002,0.2149498462677002
525.0,1739285639.426525,TLS,20.189.173.11,10.12.16.216,TCP,0x0303,4556.0,1629.0,4195072.0,24.0,Unknown,Unknown,4036.0,7.0,0.2485191822052002,0.10856389999389648
54.0,1739285639.474466,TCP,10.12.16.216,20.189.173.11,TCP,Unknown,1629.0,5027.0,130304.0,16.0,Unknown,Unknown,2072.0,8.0,0.296356201171875,0.24056037267049155
56.0,1739285639.497753,TCP,170.114.52.4,10.12.16.216,TCP,Unknown,1.0,1.0,10.0,16.0,Unknown,Unknown,56.0,1.0,0.1238868236541748,
54.0,1739285639.497792,TCP,10.12.16.216,170.114.52.4,TCP,Unknown,1.0,2.0,512.0,16.0,Unknown,Unknown,54.0,1.0,0.1238868236541748,
100.0,1739285639.67009,MDNS,10.12.15.234,224.0.0.251,UDP,Unknown,836.0,836.0,511.0,16.0,Unknown,Unknown,100.0,1.0,0.1238868236541748,
113.0,1739285639.708212,DATA,10.12.16.216,144.195.35.126,UDP,Unknown,836.0,836.0,511.0,16.0,Unknown,Unknown,726.0,6.0,1.093815803527832,
110.0,1739285639.759773,DHCPV6,Unknown,Unknown,UDP,Unknown,836.0,836.0,511.0,16.0,Unknown,Unknown,110.0,1.0,0.1238868236541748,
92.0,1739285639.814425,TLS,10.12.16.216,144.195.35.126,TCP,0x0303,106.0,88.0,511.0,24.0,Unknown,Unknown,359.0,4.0,3.5353970527648926,0.21547198295593262
56.0,1739285640.020331,TCP,144.195.35.126,10.12.16.216,TCP,Unknown,88.0,144.0,16.0,16.0,Unknown,Unknown,307.0,4.0,3.4907848834991455,1.8707679510116577
92.0,1739285640.020331,TLS,144.195.35.126,10.12.16.216,TCP,0x0303,88.0,144.0,16.0,24.0,Unknown,Unknown,399.0,5.0,0.0,1.8707679510116577
103.0,1739285640.035208,TLS,144.195.35.126,10.12.16.216,TCP,0x0303,126.0,144.0,16.0,24.0,Unknown,Unknown,502.0,6.0,0.014877080917358398,1.8707679510116577
54.0,1739285640.035283,TCP,10.12.16.216,144.195.35.126,TCP,Unknown,144.0,175.0,511.0,16.0,Unknown,Unknown,413.0,5.0,0.22085809707641602,0.21816504001617432
121.0,1739285640.035399,TLS,10.12.16.216,144.195.35.126,TCP,0x0303,144.0,175.0,511.0,24.0,Unknown,Unknown,534.0,6.0,0.00011587142944335938,0.21816504001617432
214.0,1739285640.167284,DATA,10.12.10.127,255.255.255.255,UDP,Unknown,836.0,836.0,511.0,16.0,Unknown,Unknown,214.0,1.0,0.1238868236541748,
56.0,1739285640.285214,TCP,144.195.35.126,10.12.16.216,TCP,Unknown,175.0,211.0,16.0,16.0,Unknown,Unknown,558.0,7.0,0.25000596046447754,1.3305139541625977
246.0,1739285640.527201,DATA,10.12.1.35,255.255.255.255,UDP,Unknown,836.0,836.0,511.0,16.0,Unknown,Unknown,492.0,2.0,5.000300884246826,
155.0,1739285640.529412,DHCPV6,Unknown,Unknown,UDP,Unknown,836.0,836.0,511.0,16.0,Unknown,Unknown,265.0,2.0,0.7696390151977539,
123.0,1739285640.600872,DATA,10.12.16.216,144.195.35.126,UDP,Unknown,836.0,836.0,511.0,16.0,Unknown,Unknown,397.0,3.0,3.555804967880249,
113.0,1739285640.714038,DATA,10.12.16.216,144.195.35.126,UDP,Unknown,836.0,836.0,511.0,16.0,Unknown,Unknown,839.0,7.0,1.0058259963989258,
123.0,1739285640.755178,DATA,10.12.16.216,144.195.35.126,UDP,Unknown,836.0,836.0,511.0,16.0,Unknown,Unknown,962.0,8.0,0.041140079498291016,
123.0,1739285640.755243,DATA,10.12.16.216,144.195.35.126,UDP,Unknown,836.0,836.0,511.0,16.0,Unknown,Unknown,397.0,3.0,3.541098117828369,
133.0,1739285640.790007,DATA,144.195.35.126,10.12.16.216,UDP,Unknown,836.0,836.0,511.0,16.0,Unknown,Unknown,389.0,3.0,3.7416610717773438,
151.0,1739285640.790289,WG,10.12.16.216,144.195.35.126,UDP,Unknown,836.0,836.0,511.0,16.0,Unknown,Unknown,548.0,4.0,0.18941688537597656,
123.0,1739285640.800724,WG,144.195.35.126,10.12.16.216,UDP,Unknown,836.0,836.0,511.0,16.0,Unknown,Unknown,512.0,4.0,0.010716915130615234,
132.0,1739285640.814416,TLS,10.12.16.216,144.195.35.126,TCP,0x0303,211.0,175.0,511.0,24.0,Unknown,Unknown,666.0,7.0,0.7790169715881348,0.21816504001617432
133.0,1739285640.953992,DATA,144.195.35.126,10.12.16.216,UDP,Unknown,836.0,836.0,511.0,16.0,Unknown,Unknown,389.0,3.0,3.7444088459014893,
151.0,1739285640.954228,WG,10.12.16.216,144.195.35.126,UDP,Unknown,836.0,836.0,511.0,16.0,Unknown,Unknown,1113.0,9.0,0.1990499496459961,
123.0,1739285640.954976,WG,144.195.35.126,10.12.16.216,UDP,Unknown,836.0,836.0,511.0,16.0,Unknown,Unknown,512.0,4.0,0.00098419189453125,
133.0,1739285640.95912,DATA,144.195.35.126,10.12.16.216,UDP,Unknown,836.0,836.0,511.0,16.0,Unknown,Unknown,389.0,3.0,3.74537992477417,
151.0,1739285640.959406,WG,10.12.16.216,144.195.35.126,UDP,Unknown,836.0,836.0,511.0,16.0,Unknown,Unknown,548.0,4.0,0.2041628360748291,
123.0,1739285640.959596,WG,144.195.35.126,10.12.16.216,UDP,Unknown,836.0,836.0,511.0,16.0,Unknown,Unknown,512.0,4.0,0.00047588348388671875,
92.0,1739285640.969765,TLS,10.12.16.216,144.195.35.126,TCP,0x0303,106.0,88.0,507.0,24.0,Unknown,Unknown,359.0,4.0,3.554348945617676,0.20119309425354004
56.0,1739285641.019798,TCP,144.195.35.126,10.12.16.216,TCP,Unknown,175.0,289.0,16.0,16.0,Unknown,Unknown,614.0,8.0,0.7345840930938721,1.1815314888954163
104.0,1739285641.022304,TLS,144.195.35.126,10.12.16.216,TCP,0x0303,175.0,289.0,16.0,24.0,Unknown,Unknown,718.0,9.0,0.0025060176849365234,1.1815314888954163
125.0,1739285641.022304,TLS,144.195.35.126,10.12.16.216,TCP,0x0303,225.0,289.0,16.0,24.0,Unknown,Unknown,843.0,10.0,0.0,1.1815314888954163
54.0,1739285641.02234,TCP,10.12.16.216,144.195.35.126,TCP,Unknown,289.0,296.0,510.0,16.0,Unknown,Unknown,720.0,8.0,0.20792412757873535,0.21475140253702799
97.0,1739285641.022625,TLS,10.12.16.216,144.195.35.126,TCP,0x0303,289.0,296.0,510.0,24.0,Unknown,Unknown,817.0,9.0,0.0002849102020263672,0.21475140253702799
103.0,1739285641.159594,TLS,144.195.35.126,10.12.16.216,TCP,0x0303,88.0,106.0,11.0,24.0,Unknown,Unknown,410.0,5.0,3.50416898727417,0.24022698402404785
121.0,1739285641.1599,TLS,10.12.16.216,144.195.35.126,TCP,0x0303,144.0,137.0,507.0,24.0,Unknown,Unknown,480.0,5.0,0.19013500213623047,0.20119309425354004
56.0,1739285641.169815,TCP,144.195.35.126,10.12.16.216,TCP,Unknown,137.0,144.0,11.0,16.0,Unknown,Unknown,466.0,6.0,0.010221004486083984,0.12522399425506592
92.0,1739285641.169815,TLS,144.195.35.126,10.12.16.216,TCP,0x0303,137.0,144.0,11.0,24.0,Unknown,Unknown,558.0,7.0,0.0,0.12522399425506592
54.0,1739285641.212748,TCP,10.12.16.216,144.195.35.126,TCP,Unknown,211.0,175.0,507.0,16.0,Unknown,Unknown,534.0,6.0,0.052848100662231445,0.12702059745788574
56.0,1739285641.27335,TCP,144.195.35.126,10.12.16.216,TCP,Unknown,296.0,332.0,16.0,16.0,Unknown,Unknown,899.0,11.0,0.25104594230651855,0.9954343795776367
56.0,1739285641.407543,TCP,144.195.35.126,10.12.16.216,TCP,Unknown,175.0,211.0,11.0,16.0,Unknown,Unknown,614.0,8.0,0.23772788047790527,0.16272528966267905
155.0,1739285641.564842,DHCPV6,Unknown,Unknown,UDP,Unknown,836.0,836.0,511.0,16.0,Unknown,Unknown,420.0,3.0,1.0354299545288086,
113.0,1739285641.734633,DATA,10.12.16.216,144.195.35.126,UDP,Unknown,836.0,836.0,511.0,16.0,Unknown,Unknown,1226.0,10.0,0.7804050445556641,
198.0,1739285642.066951,DB-LSP-DISC,10.12.15.79,255.255.255.255,UDP,Unknown,836.0,836.0,511.0,16.0,Unknown,Unknown,198.0,1.0,0.1238868236541748,
198.0,1739285642.067028,DB-LSP-DISC,10.12.15.79,255.255.255.255,UDP,Unknown,836.0,836.0,511.0,16.0,Unknown,Unknown,396.0,2.0,7.700920104980469e-05,
198.0,1739285642.067038,DB-LSP-DISC,10.12.15.79,255.255.255.255,UDP,Unknown,836.0,836.0,511.0,16.0,Unknown,Unknown,594.0,3.0,1.0013580322265625e-05,
198.0,1739285642.067048,DB-LSP-DISC,10.12.15.79,10.12.31.255,UDP,Unknown,836.0,836.0,511.0,16.0,Unknown,Unknown,198.0,1.0,0.1238868236541748,
198.0,1739285642.06707,DB-LSP-DISC,10.12.15.79,255.255.255.255,UDP,Unknown,836.0,836.0,511.0,16.0,Unknown,Unknown,792.0,4.0,3.1948089599609375e-05,
198.0,1739285642.06708,DB-LSP-DISC,10.12.15.79,255.255.255.255,UDP,Unknown,836.0,836.0,511.0,16.0,Unknown,Unknown,990.0,5.0,1.0013580322265625e-05,
155.0,1739285642.61188,DHCPV6,Unknown,Unknown,UDP,Unknown,836.0,836.0,511.0,16.0,Unknown,Unknown,575.0,4.0,1.0470380783081055,
113.0,1739285642.748704,DATA,10.12.16.216,144.195.35.126,UDP,Unknown,836.0,836.0,511.0,16.0,Unknown,Unknown,1339.0,11.0,1.014070987701416,
92.0,1739285643.562176,TLS,10.12.16.216,144.195.35.126,TCP,0x0303,332.0,296.0,510.0,24.0,Unknown,Unknown,909.0,10.0,2.539551019668579,0.21475140253702799
110.0,1739285643.660912,DHCPV6,Unknown,Unknown,UDP,Unknown,836.0,836.0,511.0,16.0,Unknown,Unknown,685.0,5.0,1.0490319728851318,
113.0,1739285643.753756,DATA,10.12.16.216,144.195.35.126,UDP,Unknown,836.0,836.0,511.0,16.0,Unknown,Unknown,1452.0,12.0,1.005052089691162,
56.0,1739285643.75563,TCP,170.114.52.22,10.12.16.216,TCP,Unknown,1.0,1.0,9.0,16.0,Unknown,Unknown,56.0,1.0,0.1238868236541748,
54.0,1739285643.755653,TCP,10.12.16.216,170.114.52.22,TCP,Unknown,1.0,2.0,512.0,16.0,Unknown,Unknown,54.0,1.0,0.1238868236541748,
56.0,1739285643.768054,TCP,144.195.35.126,10.12.16.216,TCP,Unknown,296.0,370.0,16.0,16.0,Unknown,Unknown,955.0,12.0,2.494704008102417,1.2453126509984334
92.0,1739285643.768054,TLS,144.195.35.126,10.12.16.216,TCP,0x0303,296.0,370.0,16.0,24.0,Unknown,Unknown,1047.0,13.0,0.0,1.2453126509984334
103.0,1739285643.781954,TLS,144.195.35.126,10.12.16.216,TCP,0x0303,334.0,370.0,16.0,24.0,Unknown,Unknown,1150.0,14.0,0.013900041580200195,1.2453126509984334
54.0,1739285643.782027,TCP,10.12.16.216,144.195.35.126,TCP,Unknown,370.0,383.0,510.0,16.0,Unknown,Unknown,963.0,11.0,0.21985101699829102,0.21602630615234375
121.0,1739285643.782259,TLS,10.12.16.216,144.195.35.126,TCP,0x0303,370.0,383.0,510.0,24.0,Unknown,Unknown,1084.0,12.0,0.0002319812774658203,0.21602630615234375
252.0,1739285643.807853,TLS,10.12.16.216,144.195.35.126,TCP,0x0303,437.0,383.0,510.0,24.0,Unknown,Unknown,1336.0,13.0,0.025593996047973633,0.21602630615234375
56.0,1739285643.923952,TCP,170.114.52.4,10.12.16.216,TCP,Unknown,1.0,1.0,10.0,16.0,Unknown,Unknown,56.0,1.0,0.1238868236541748,
54.0,1739285643.923988,TCP,10.12.16.216,170.114.52.4,TCP,Unknown,1.0,2.0,512.0,16.0,Unknown,Unknown,54.0,1.0,0.1238868236541748,
56.0,1739285643.955825,TCP,170.114.52.4,10.12.16.216,TCP,Unknown,1.0,1.0,10.0,16.0,Unknown,Unknown,56.0,1.0,0.1238868236541748,
54.0,1739285643.955862,TCP,10.12.16.216,170.114.52.4,TCP,Unknown,1.0,2.0,512.0,16.0,Unknown,Unknown,54.0,1.0,0.1238868236541748,
56.0,1739285644.013403,TCP,144.195.35.126,10.12.16.216,TCP,Unknown,383.0,635.0,16.0,16.0,Unknown,Unknown,1206.0,15.0,0.23144888877868652,1.1004749706813268
104.0,1739285644.018037,TLS,144.195.35.126,10.12.16.216,TCP,0x0303,383.0,635.0,16.0,24.0,Unknown,Unknown,1310.0,16.0,0.00463414192199707,1.1004749706813268
112.0,1739285644.039978,TLS,10.12.16.216,4.208.35.46,TCP,0x0303,1.0,1.0,511.0,24.0,Unknown,Unknown,112.0,1.0,0.1238868236541748,
939.0,1739285644.058846,TLS,10.12.16.216,144.195.35.126,TCP,0x0303,635.0,433.0,510.0,24.0,Unknown,Unknown,2275.0,14.0,0.250993013381958,0.21602630615234375
1001.0,1739285644.058942,TLS,10.12.16.216,144.195.35.126,TCP,0x0303,1520.0,433.0,510.0,24.0,Unknown,Unknown,3276.0,15.0,9.608268737792969e-05,0.21602630615234375
101.0,1739285644.12377,TLS,4.208.35.46,10.12.16.216,TCP,0x0303,1.0,59.0,16383.0,24.0,Unknown,Unknown,101.0,1.0,0.1238868236541748,
56.0,1739285644.149533,TCP,170.114.52.4,10.12.16.216,TCP,Unknown,1.0,1.0,9.0,16.0,Unknown,Unknown,56.0,1.0,0.1238868236541748,
54.0,1739285644.149589,TCP,10.12.16.216,170.114.52.4,TCP,Unknown,1.0,2.0,507.0,16.0,Unknown,Unknown,54.0,1.0,0.1238868236541748,
66.0,1739285644.173866,TCP,10.12.16.216,20.189.173.10,TCP,Unknown,0.0,0.0,65535.0,2.0,Unknown,Unknown,66.0,1.0,0.1238868236541748,
54.0,1739285644.178876,TCP,10.12.16.216,4.208.35.46,TCP,Unknown,59.0,48.0,510.0,16.0,Unknown,Unknown,166.0,2.0,0.13889789581298828,0.13889789581298828
56.0,1739285644.264604,TCP,144.195.35.126,10.12.16.216,TCP,Unknown,433.0,2467.0,16.0,16.0,Unknown,Unknown,1366.0,17.0,0.2465670108795166,0.9937364757061005
97.0,1739285644.274795,TLS,144.195.35.126,10.12.16.216,TCP,0x0303,433.0,2467.0,16.0,24.0,Unknown,Unknown,1463.0,18.0,0.010190963745117188,0.9937364757061005
54.0,1739285644.316584,TCP,10.12.16.216,144.195.35.126,TCP,Unknown,2467.0,476.0,510.0,16.0,Unknown,Unknown,3330.0,16.0,0.2576420307159424,0.2243494510650635
123.0,1739285644.348125,DATA,10.12.16.216,144.195.35.126,UDP,Unknown,836.0,836.0,511.0,16.0,Unknown,Unknown,671.0,5.0,3.5578360557556152,
66.0,1739285644.385082,TCP,20.189.173.10,10.12.16.216,TCP,Unknown,0.0,1.0,65535.0,18.0,Unknown,Unknown,66.0,1.0,0.1238868236541748,
54.0,1739285644.385175,TCP,10.12.16.216,20.189.173.10,TCP,Unknown,1.0,1.0,262144.0,16.0,Unknown,Unknown,120.0,2.0,0.21130895614624023,0.21130895614624023
441.0,1739285644.388671,TLS,10.12.16.216,20.189.173.10,TCP,0x0301,1.0,1.0,262144.0,24.0,1.0,Unknown,561.0,3.0,0.003495931625366211,0.21130895614624023
123.0,1739285644.50542,DATA,10.12.16.216,144.195.35.126,UDP,Unknown,836.0,836.0,511.0,16.0,Unknown,Unknown,1575.0,13.0,0.7516639232635498,
123.0,1739285644.505486,DATA,10.12.16.216,144.195.35.126,UDP,Unknown,836.0,836.0,511.0,16.0,Unknown,Unknown,671.0,5.0,3.5460801124572754,
133.0,1739285644.546105,DATA,144.195.35.126,10.12.16.216,UDP,Unknown,836.0,836.0,511.0,16.0,Unknown,Unknown,645.0,5.0,3.7453808784484863,
151.0,1739285644.546291,WG,10.12.16.216,144.195.35.126,UDP,Unknown,836.0,836.0,511.0,16.0,Unknown,Unknown,822.0,6.0,0.1981661319732666,
123.0,1739285644.549431,WG,144.195.35.126,10.12.16.216,UDP,Unknown,836.0,836.0,511.0,16.0,Unknown,Unknown,768.0,6.0,0.0033261775970458984,
257.0,1739285644.554809,TLS,10.12.16.216,144.195.35.126,TCP,0x0303,2467.0,476.0,510.0,24.0,Unknown,Unknown,3587.0,17.0,0.23822498321533203,0.2243494510650635
153.0,1739285644.600301,TLS,20.189.173.10,10.12.16.216,TCP,0x0303,1.0,388.0,4194560.0,24.0,2.0,Unknown,219.0,2.0,0.21521902084350586,
54.0,1739285644.600353,TCP,10.12.16.216,20.189.173.10,TCP,Unknown,388.0,100.0,261888.0,16.0,Unknown,Unknown,615.0,4.0,0.21168208122253418,0.2114955186843872
512.0,1739285644.603376,TLS,10.12.16.216,20.189.173.10,TCP,0x0303,388.0,100.0,261888.0,24.0,1.0,Unknown,1127.0,5.0,0.003022909164428711,0.2114955186843872
133.0,1739285644.700703,DATA,144.195.35.126,10.12.16.216,UDP,Unknown,836.0,836.0,511.0,16.0,Unknown,Unknown,645.0,5.0,3.7457268238067627,
151.0,1739285644.700868,WG,10.12.16.216,144.195.35.126,UDP,Unknown,836.0,836.0,511.0,16.0,Unknown,Unknown,1726.0,14.0,0.1954479217529297,
123.0,1739285644.704929,WG,144.195.35.126,10.12.16.216,UDP,Unknown,836.0,836.0,511.0,16.0,Unknown,Unknown,768.0,6.0,0.004226207733154297,
133.0,1739285644.704929,DATA,144.195.35.126,10.12.16.216,UDP,Unknown,836.0,836.0,511.0,16.0,Unknown,Unknown,645.0,5.0,3.745333194732666,
151.0,1739285644.705082,WG,10.12.16.216,144.195.35.126,UDP,Unknown,836.0,836.0,511.0,16.0,Unknown,Unknown,822.0,6.0,0.19959592819213867,
123.0,1739285644.711064,WG,144.195.35.126,10.12.16.216,UDP,Unknown,836.0,836.0,511.0,16.0,Unknown,Unknown,768.0,6.0,0.006134986877441406,
92.0,1739285644.711286,TLS,10.12.16.216,144.195.35.126,TCP,0x0303,211.0,175.0,507.0,24.0,Unknown,Unknown,626.0,7.0,3.498538017272949,0.12702059745788574
236.0,1739285644.753885,TLS,10.12.16.216,144.195.35.126,TCP,0x0303,2670.0,476.0,510.0,24.0,Unknown,Unknown,3823.0,18.0,0.19907593727111816,0.2243494510650635
241.0,1739285644.753954,TLS,10.12.16.216,144.195.35.126,TCP,0x0303,2852.0,476.0,510.0,24.0,Unknown,Unknown,4064.0,19.0,6.890296936035156e-05,0.2243494510650635
104.0,1739285644.768082,TLS,144.195.35.126,10.12.16.216,TCP,0x0303,476.0,2670.0,16.0,24.0,Unknown,Unknown,1567.0,19.0,0.4932868480682373,0.9937364757061005
113.0,1739285644.773224,DATA,10.12.16.216,144.195.35.126,UDP,Unknown,836.0,836.0,511.0,16.0,Unknown,Unknown,1839.0,15.0,0.0723562240600586,
54.0,1739285644.813,TCP,10.12.16.216,144.195.35.126,TCP,Unknown,3039.0,526.0,510.0,16.0,Unknown,Unknown,4118.0,20.0,0.059046030044555664,0.19679888089497885
1434.0,1739285644.81742,TLS,20.189.173.10,10.12.16.216,TCP,0x0303,100.0,846.0,4194304.0,16.0,2.0,Unknown,1653.0,3.0,0.2171189785003662,0.2171189785003662
1434.0,1739285644.81742,TCP,20.189.173.10,10.12.16.216,TCP,Unknown,1480.0,846.0,4194304.0,16.0,Unknown,Unknown,3087.0,4.0,0.0,0.1085594892501831
1434.0,1739285644.81742,TCP,20.189.173.10,10.12.16.216,TCP,Unknown,2860.0,846.0,4194304.0,16.0,Unknown,Unknown,4521.0,5.0,0.0,0.0723729928334554
1434.0,1739285644.81742,TCP,20.189.173.10,10.12.16.216,TCP,Unknown,4240.0,846.0,4194304.0,16.0,Unknown,Unknown,5955.0,6.0,0.0,0.05427974462509155
932.0,1739285644.81742,TLS,20.189.173.10,10.12.16.216,TCP,0x0303,5620.0,846.0,4194304.0,24.0,Unknown,Unknown,6887.0,7.0,0.0,0.05427974462509155
54.0,1739285644.817517,TCP,10.12.16.216,20.189.173.10,TCP,Unknown,846.0,6498.0,262144.0,16.0,Unknown,Unknown,1181.0,6.0,0.2141411304473877,0.21237738927205405
128.0,1739285644.822262,TLS,10.12.16.216,20.189.173.10,TCP,0x0303,846.0,6498.0,262144.0,24.0,Unknown,Unknown,1309.0,7.0,0.004745006561279297,0.21237738927205405
904.0,1739285644.823921,TLS,10.12.16.216,20.189.173.10,TCP,0x0303,920.0,6498.0,262144.0,24.0,Unknown,Unknown,2213.0,8.0,0.0016589164733886719,0.21237738927205405
702.0,1739285644.823956,TLS,10.12.16.216,20.189.173.10,TCP,0x0303,1770.0,6498.0,262144.0,24.0,Unknown,Unknown,2915.0,9.0,3.504753112792969e-05,0.21237738927205405
56.0,1739285644.910401,TCP,144.195.35.126,10.12.16.216,TCP,Unknown,175.0,249.0,11.0,16.0,Unknown,Unknown,670.0,9.0,3.5028581619262695,0.9977585077285767
92.0,1739285644.910401,TLS,144.195.35.126,10.12.16.216,TCP,0x0303,175.0,249.0,11.0,24.0,Unknown,Unknown,762.0,10.0,0.0,0.9977585077285767
103.0,1739285644.916648,TLS,144.195.35.126,10.12.16.216,TCP,0x0303,213.0,249.0,11.0,24.0,Unknown,Unknown,865.0,11.0,0.006246805191040039,0.9977585077285767
54.0,1739285644.916703,TCP,10.12.16.216,144.195.35.126,TCP,Unknown,249.0,262.0,512.0,16.0,Unknown,Unknown,680.0,8.0,0.20541691780090332,0.1531527042388916
121.0,1739285644.916791,TLS,10.12.16.216,144.195.35.126,TCP,0x0303,249.0,262.0,512.0,24.0,Unknown,Unknown,801.0,9.0,8.797645568847656e-05,0.1531527042388916
242.0,1739285644.937455,TLS,10.12.16.216,144.195.35.126,TCP,0x0303,3039.0,526.0,510.0,24.0,Unknown,Unknown,4360.0,21.0,0.12445497512817383,0.19679888089497885
56.0,1739285644.959884,TCP,144.195.35.126,10.12.16.216,TCP,Unknown,526.0,3039.0,16.0,16.0,Unknown,Unknown,1623.0,20.0,0.1918020248413086,0.9046326478322347
97.0,1739285644.963719,TLS,144.195.35.126,10.12.16.216,TCP,0x0303,526.0,3039.0,16.0,24.0,Unknown,Unknown,1720.0,21.0,0.003834962844848633,0.9046326478322347
54.0,1739285645.013309,TCP,10.12.16.216,144.195.35.126,TCP,Unknown,3227.0,569.0,509.0,16.0,Unknown,Unknown,4414.0,22.0,0.07585406303405762,0.1795210497719901
157.0,1739285645.032808,TLS,20.189.173.10,10.12.16.216,TCP,0x0303,6498.0,920.0,4194048.0,24.0,Unknown,Unknown,7044.0,8.0,0.21538805961608887,0.05427974462509155
54.0,1739285645.032929,TCP,10.12.16.216,20.189.173.10,TCP,Unknown,2418.0,6601.0,261888.0,16.0,Unknown,Unknown,2969.0,10.0,0.20897293090820312,0.2115262746810913
56.0,1739285645.03361,TCP,20.189.173.10,10.12.16.216,TCP,Unknown,6601.0,2418.0,4195072.0,16.0,Unknown,Unknown,7100.0,9.0,0.0008020401000976562,0.04358420372009277
574.0,1739285645.036908,TLS,20.189.173.10,10.12.16.216,TCP,0x0303,6601.0,2418.0,4195072.0,24.0,Unknown,Unknown,7674.0,10.0,0.0032978057861328125,0.04358420372009277
54.0,1739285645.036988,TCP,10.12.16.216,20.189.173.10,TCP,Unknown,2418.0,7121.0,261376.0,16.0,Unknown,Unknown,3023.0,11.0,0.0040590763092041016,0.17003283500671387
342.0,1739285645.053644,DHCP,0.0.0.0,255.255.255.255,UDP,Unknown,836.0,836.0,511.0,16.0,Unknown,Unknown,1026.0,3.0,8.25540804862976,
342.0,1739285645.054167,DHCP,0.0.0.0,255.255.255.255,UDP,Unknown,836.0,836.0,511.0,16.0,Unknown,Unknown,1368.0,4.0,0.0005230903625488281,
784.0,1739285645.060543,TLS,10.12.16.216,144.195.35.126,TCP,0x0303,3227.0,569.0,509.0,24.0,Unknown,Unknown,5198.0,23.0,0.04723405838012695,0.1795210497719901
82.0,1739285645.106512,TLS,10.12.16.216,170.114.1.185,TCP,0x0303,1.0,1.0,507.0,24.0,Unknown,Unknown,82.0,1.0,0.1238868236541748,
104.0,1739285645.148174,TLS,144.195.35.126,10.12.16.216,TCP,0x0303,569.0,3227.0,16.0,24.0,Unknown,Unknown,1824.0,22.0,0.18445515632629395,0.9046326478322347
56.0,1739285645.16361,TCP,144.195.35.126,10.12.16.216,TCP,Unknown,262.0,316.0,11.0,16.0,Unknown,Unknown,921.0,12.0,0.2469620704650879,0.8475992202758789
214.0,1739285645.173335,DATA,10.12.10.127,255.255.255.255,UDP,Unknown,836.0,836.0,511.0,16.0,Unknown,Unknown,428.0,2.0,5.006051063537598,
54.0,1739285645.200539,TCP,10.12.16.216,144.195.35.126,TCP,Unknown,3957.0,619.0,509.0,16.0,Unknown,Unknown,5252.0,24.0,0.13999605178833008,0.1745804250240326
78.0,1739285645.267086,TLS,170.114.1.185,10.12.16.216,TCP,0x0303,1.0,29.0,9.0,24.0,Unknown,Unknown,78.0,1.0,0.1238868236541748,
97.0,1739285645.272017,TLS,144.195.35.126,10.12.16.216,TCP,0x0303,619.0,3957.0,16.0,24.0,Unknown,Unknown,1921.0,23.0,0.12384295463562012,0.9046326478322347
54.0,1739285645.308609,TCP,10.12.16.216,170.114.1.185,TCP,Unknown,29.0,25.0,506.0,16.0,Unknown,Unknown,136.0,2.0,0.20209693908691406,0.20209693908691406
54.0,1739285645.324426,TCP,10.12.16.216,144.195.35.126,TCP,Unknown,3957.0,662.0,509.0,16.0,Unknown,Unknown,5306.0,25.0,0.1238868236541748,0.16894780264960396
246.0,1739285645.533834,DATA,10.12.1.35,255.255.255.255,UDP,Unknown,836.0,836.0,511.0,16.0,Unknown,Unknown,738.0,3.0,5.006633043289185,
150.0,1739285645.697978,DHCPV6,Unknown,Unknown,UDP,Unknown,836.0,836.0,511.0,16.0,Unknown,Unknown,835.0,6.0,2.0370659828186035,
113.0,1739285645.788116,DATA,10.12.16.216,144.195.35.126,UDP,Unknown,836.0,836.0,511.0,16.0,Unknown,Unknown,1952.0,16.0,1.0148918628692627,
56.0,1739285646.019067,TCP,170.114.52.83,10.12.16.216,TCP,Unknown,1.0,1.0,9.0,16.0,Unknown,Unknown,56.0,1.0,0.1238868236541748,
54.0,1739285646.019121,TCP,10.12.16.216,170.114.52.83,TCP,Unknown,1.0,2.0,506.0,16.0,Unknown,Unknown,54.0,1.0,0.1238868236541748,
146.0,1739285646.0517,DHCPV6,Unknown,Unknown,UDP,Unknown,836.0,836.0,511.0,16.0,Unknown,Unknown,981.0,7.0,0.35372209548950195,
85.0,1739285646.23945,MDNS,10.12.9.40,224.0.0.251,UDP,Unknown,836.0,836.0,511.0,16.0,Unknown,Unknown,85.0,1.0,0.1238868236541748,
155.0,1739285646.625139,DHCPV6,Unknown,Unknown,UDP,Unknown,836.0,836.0,511.0,16.0,Unknown,Unknown,1136.0,8.0,0.5734388828277588,
113.0,1739285646.853871,DATA,10.12.16.216,144.195.35.126,UDP,Unknown,836.0,836.0,511.0,16.0,Unknown,Unknown,2065.0,17.0,1.0657551288604736,
146.0,1739285647.053555,DHCPV6,Unknown,Unknown,UDP,Unknown,836.0,836.0,511.0,16.0,Unknown,Unknown,1282.0,9.0,0.42841601371765137,
85.0,1739285647.236582,MDNS,10.12.9.40,224.0.0.251,UDP,Unknown,836.0,836.0,511.0,16.0,Unknown,Unknown,170.0,2.0,0.9971320629119873,
92.0,1739285647.31532,TLS,10.12.16.216,144.195.35.126,TCP,0x0303,3957.0,662.0,509.0,24.0,Unknown,Unknown,5398.0,26.0,1.990894079208374,0.16894780264960396
92.0,1739285647.521071,TLS,144.195.35.126,10.12.16.216,TCP,0x0303,662.0,3995.0,16.0,24.0,Unknown,Unknown,2013.0,24.0,2.249053955078125,0.9046326478322347
103.0,1739285647.535405,TLS,144.195.35.126,10.12.16.216,TCP,0x0303,700.0,3995.0,16.0,24.0,Unknown,Unknown,2116.0,25.0,0.014333963394165039,0.9046326478322347
54.0,1739285647.535469,TCP,10.12.16.216,144.195.35.126,TCP,Unknown,3995.0,749.0,509.0,16.0,Unknown,Unknown,5452.0,27.0,0.22014904022216797,0.17406792640686036
121.0,1739285647.535629,TLS,10.12.16.216,144.195.35.126,TCP,0x0303,3995.0,749.0,509.0,24.0,Unknown,Unknown,5573.0,28.0,0.00015997886657714844,0.17406792640686036
56.0,1739285647.781853,TCP,144.195.35.126,10.12.16.216,TCP,Unknown,749.0,4062.0,16.0,16.0,Unknown,Unknown,2172.0,26.0,0.24644804000854492,0.8388141870498658
100.0,1739285647.845825,MDNS,10.12.0.254,224.0.0.251,UDP,Unknown,836.0,836.0,511.0,16.0,Unknown,Unknown,300.0,3.0,9.014312982559204,
113.0,1739285647.947903,DATA,10.12.16.216,144.195.35.126,UDP,Unknown,836.0,836.0,511.0,16.0,Unknown,Unknown,2178.0,18.0,1.094031810760498,
123.0,1739285648.097432,DATA,10.12.16.216,144.195.35.126,UDP,Unknown,836.0,836.0,511.0,16.0,Unknown,Unknown,945.0,7.0,3.551140785217285,
342.0,1739285648.099798,DHCP,0.0.0.0,255.255.255.255,UDP,Unknown,836.0,836.0,511.0,16.0,Unknown,Unknown,1710.0,5.0,3.045630931854248,
342.0,1739285648.099834,DHCP,0.0.0.0,255.255.255.255,UDP,Unknown,836.0,836.0,511.0,16.0,Unknown,Unknown,2052.0,6.0,3.600120544433594e-05,
123.0,1739285648.255813,DATA,10.12.16.216,144.195.35.126,UDP,Unknown,836.0,836.0,511.0,16.0,Unknown,Unknown,2301.0,19.0,0.3079099655151367,
123.0,1739285648.255868,DATA,10.12.16.216,144.195.35.126,UDP,Unknown,836.0,836.0,511.0,16.0,Unknown,Unknown,945.0,7.0,3.550786018371582,
133.0,1739285648.289719,DATA,144.195.35.126,10.12.16.216,UDP,Unknown,836.0,836.0,511.0,16.0,Unknown,Unknown,901.0,7.0,3.740288019180298,
151.0,1739285648.289966,WG,10.12.16.216,144.195.35.126,UDP,Unknown,836.0,836.0,511.0,16.0,Unknown,Unknown,1096.0,8.0,0.1925342082977295,
123.0,1739285648.297338,WG,144.195.35.126,10.12.16.216,UDP,Unknown,836.0,836.0,511.0,16.0,Unknown,Unknown,1024.0,8.0,0.007618904113769531,
133.0,1739285648.457028,DATA,144.195.35.126,10.12.16.216,UDP,Unknown,836.0,836.0,511.0,16.0,Unknown,Unknown,901.0,7.0,3.752098798751831,
123.0,1739285648.457028,WG,144.195.35.126,10.12.16.216,UDP,Unknown,836.0,836.0,511.0,16.0,Unknown,Unknown,1024.0,8.0,0.0,
151.0,1739285648.457315,WG,10.12.16.216,144.195.35.126,UDP,Unknown,836.0,836.0,511.0,16.0,Unknown,Unknown,2452.0,20.0,0.20150208473205566,
123.0,1739285648.460209,WG,144.195.35.126,10.12.16.216,UDP,Unknown,836.0,836.0,511.0,16.0,Unknown,Unknown,891.0,7.0,3.7491447925567627,
133.0,1739285648.460209,DATA,144.195.35.126,10.12.16.216,UDP,Unknown,836.0,836.0,511.0,16.0,Unknown,Unknown,1024.0,8.0,0.0,
151.0,1739285648.460389,WG,10.12.16.216,144.195.35.126,UDP,Unknown,836.0,836.0,511.0,16.0,Unknown,Unknown,1096.0,8.0,0.20452094078063965,
92.0,1739285648.470693,TLS,10.12.16.216,144.195.35.126,TCP,0x0303,316.0,262.0,512.0,24.0,Unknown,Unknown,893.0,10.0,3.5539021492004395,0.1531527042388916
103.0,1739285648.660721,TLS,144.195.35.126,10.12.16.216,TCP,0x0303,262.0,316.0,11.0,24.0,Unknown,Unknown,1024.0,13.0,3.4971110820770264,0.8475992202758789
121.0,1739285648.660926,TLS,10.12.16.216,144.195.35.126,TCP,0x0303,354.0,311.0,511.0,24.0,Unknown,Unknown,1014.0,11.0,0.1902329921722412,0.1531527042388916
56.0,1739285648.67051,TCP,144.195.35.126,10.12.16.216,TCP,Unknown,311.0,354.0,11.0,16.0,Unknown,Unknown,1080.0,14.0,0.009788990020751953,0.7079641819000244
92.0,1739285648.67051,TLS,144.195.35.126,10.12.16.216,TCP,0x0303,311.0,354.0,11.0,24.0,Unknown,Unknown,1172.0,15.0,0.0,0.7079641819000244
54.0,1739285648.711038,TCP,10.12.16.216,144.195.35.126,TCP,Unknown,421.0,349.0,511.0,16.0,Unknown,Unknown,1068.0,12.0,0.050112009048461914,0.12739253044128418
56.0,1739285648.915908,TCP,144.195.35.126,10.12.16.216,TCP,Unknown,349.0,421.0,11.0,16.0,Unknown,Unknown,1228.0,16.0,0.24539804458618164,0.641883305140904
113.0,1739285648.953628,DATA,10.12.16.216,144.195.35.126,UDP,Unknown,836.0,836.0,511.0,16.0,Unknown,Unknown,2565.0,21.0,0.49631309509277344,
342.0,1739285649.390639,DHCP,0.0.0.0,255.255.255.255,UDP,Unknown,836.0,836.0,511.0,16.0,Unknown,Unknown,2394.0,7.0,1.2908051013946533,
342.0,1739285649.391584,DHCP,0.0.0.0,255.255.255.255,UDP,Unknown,836.0,836.0,511.0,16.0,Unknown,Unknown,2736.0,8.0,0.0009448528289794922,
113.0,1739285649.974009,DATA,10.12.16.216,144.195.35.126,UDP,Unknown,836.0,836.0,511.0,16.0,Unknown,Unknown,2678.0,22.0,1.020380973815918,
422.0,1739285650.146227,DHCP,0.0.0.0,255.255.255.255,UDP,Unknown,836.0,836.0,511.0,16.0,Unknown,Unknown,3158.0,9.0,0.7546429634094238,
422.0,1739285650.146284,DHCP,0.0.0.0,255.255.255.255,UDP,Unknown,836.0,836.0,511.0,16.0,Unknown,Unknown,3580.0,10.0,5.7220458984375e-05,
214.0,1739285650.180279,DATA,10.12.10.127,255.255.255.255,UDP,Unknown,836.0,836.0,511.0,16.0,Unknown,Unknown,642.0,3.0,5.006943941116333,
342.0,1739285650.40008,DHCP,0.0.0.0,255.255.255.255,UDP,Unknown,836.0,836.0,511.0,16.0,Unknown,Unknown,3922.0,11.0,0.253795862197876,
342.0,1739285650.400149,DHCP,0.0.0.0,255.255.255.255,UDP,Unknown,836.0,836.0,511.0,16.0,Unknown,Unknown,4264.0,12.0,6.914138793945312e-05,
246.0,1739285650.539555,DATA,10.12.1.35,255.255.255.255,UDP,Unknown,836.0,836.0,511.0,16.0,Unknown,Unknown,984.0,4.0,5.005721092224121,
113.0,1739285650.988527,DATA,10.12.16.216,144.195.35.126,UDP,Unknown,836.0,836.0,511.0,16.0,Unknown,Unknown,2791.0,23.0,1.0145180225372314,
92.0,1739285651.0613,TLS,10.12.16.216,144.195.35.126,TCP,0x0303,4062.0,749.0,509.0,24.0,Unknown,Unknown,5665.0,29.0,3.5256710052490234,0.17406792640686036
146.0,1739285651.062055,DHCPV6,Unknown,Unknown,UDP,Unknown,836.0,836.0,511.0,16.0,Unknown,Unknown,1428.0,10.0,4.008500099182129,
56.0,1739285651.267202,TCP,144.195.35.126,10.12.16.216,TCP,Unknown,749.0,4100.0,16.0,16.0,Unknown,Unknown,2228.0,27.0,3.48534893989563,1.0794082554903897
92.0,1739285651.267202,TLS,144.195.35.126,10.12.16.216,TCP,0x0303,749.0,4100.0,16.0,24.0,Unknown,Unknown,2320.0,28.0,0.0,1.0794082554903897
103.0,1739285651.277982,TLS,144.195.35.126,10.12.16.216,TCP,0x0303,787.0,4100.0,16.0,24.0,Unknown,Unknown,2423.0,29.0,0.010780096054077148,1.0794082554903897
54.0,1739285651.278058,TCP,10.12.16.216,144.195.35.126,TCP,Unknown,4100.0,836.0,508.0,16.0,Unknown,Unknown,5719.0,30.0,0.21675801277160645,0.17794884334911
121.0,1739285651.278199,TLS,10.12.16.216,144.195.35.126,TCP,0x0303,4100.0,836.0,508.0,24.0,Unknown,Unknown,5840.0,31.0,0.00014090538024902344,0.17794884334911
56.0,1739285651.526192,TCP,144.195.35.126,10.12.16.216,TCP,Unknown,836.0,4167.0,16.0,16.0,Unknown,Unknown,2479.0,30.0,0.24820995330810547,1.0101417303085327
123.0,1739285651.845921,DATA,10.12.16.216,144.195.35.126,UDP,Unknown,836.0,836.0,511.0,16.0,Unknown,Unknown,1219.0,9.0,3.555954933166504,
113.0,1739285651.993697,DATA,10.12.16.216,144.195.35.126,UDP,Unknown,836.0,836.0,511.0,16.0,Unknown,Unknown,2904.0,24.0,1.0051698684692383,
123.0,1739285652.004076,DATA,10.12.16.216,144.195.35.126,UDP,Unknown,836.0,836.0,511.0,16.0,Unknown,Unknown,3027.0,25.0,0.01037907600402832,
123.0,1739285652.004124,DATA,10.12.16.216,144.195.35.126,UDP,Unknown,836.0,836.0,511.0,16.0,Unknown,Unknown,1219.0,9.0,3.5437350273132324,
133.0,1739285652.045283,DATA,144.195.35.126,10.12.16.216,UDP,Unknown,836.0,836.0,511.0,16.0,Unknown,Unknown,1157.0,9.0,3.7479450702667236,
123.0,1739285652.045283,WG,144.195.35.126,10.12.16.216,UDP,Unknown,836.0,836.0,511.0,16.0,Unknown,Unknown,1280.0,10.0,0.0,
151.0,1739285652.045494,WG,10.12.16.216,144.195.35.126,UDP,Unknown,836.0,836.0,511.0,16.0,Unknown,Unknown,1370.0,10.0,0.19957304000854492,
123.0,1739285652.204344,WG,144.195.35.126,10.12.16.216,UDP,Unknown,836.0,836.0,511.0,16.0,Unknown,Unknown,1147.0,9.0,3.7473161220550537,
123.0,1739285652.208668,WG,144.195.35.126,10.12.16.216,UDP,Unknown,836.0,836.0,511.0,16.0,Unknown,Unknown,1147.0,9.0,3.7484591007232666,
133.0,1739285652.209534,DATA,144.195.35.126,10.12.16.216,UDP,Unknown,836.0,836.0,511.0,16.0,Unknown,Unknown,1280.0,10.0,0.0051898956298828125,
151.0,1739285652.209708,WG,10.12.16.216,144.195.35.126,UDP,Unknown,836.0,836.0,511.0,16.0,Unknown,Unknown,3178.0,26.0,0.20563197135925293,
133.0,1739285652.214178,DATA,144.195.35.126,10.12.16.216,UDP,Unknown,836.0,836.0,511.0,16.0,Unknown,Unknown,1280.0,10.0,0.005510091781616211,
151.0,1739285652.214436,WG,10.12.16.216,144.195.35.126,UDP,Unknown,836.0,836.0,511.0,16.0,Unknown,Unknown,1370.0,10.0,0.2103121280670166,
92.0,1739285652.214584,TLS,10.12.16.216,144.195.35.126,TCP,0x0303,421.0,349.0,511.0,24.0,Unknown,Unknown,1160.0,13.0,3.5035459995269775,0.12739253044128418
56.0,1739285652.414911,TCP,144.195.35.126,10.12.16.216,TCP,Unknown,349.0,459.0,11.0,16.0,Unknown,Unknown,1284.0,17.0,3.4990029335021973,0.9990232586860657
92.0,1739285652.414911,TLS,144.195.35.126,10.12.16.216,TCP,0x0303,349.0,459.0,11.0,24.0,Unknown,Unknown,1376.0,18.0,0.0,0.9990232586860657
103.0,1739285652.414911,TLS,144.195.35.126,10.12.16.216,TCP,0x0303,387.0,459.0,11.0,24.0,Unknown,Unknown,1479.0,19.0,0.0,0.9990232586860657
54.0,1739285652.415036,TCP,10.12.16.216,144.195.35.126,TCP,Unknown,459.0,436.0,511.0,16.0,Unknown,Unknown,1214.0,14.0,0.20045185089111328,0.14200439453125
121.0,1739285652.415206,TLS,10.12.16.216,144.195.35.126,TCP,0x0303,459.0,436.0,511.0,24.0,Unknown,Unknown,1335.0,15.0,0.00016999244689941406,0.14200439453125
56.0,1739285652.655046,TCP,144.195.35.126,10.12.16.216,TCP,Unknown,436.0,526.0,11.0,16.0,Unknown,Unknown,1535.0,20.0,0.24013495445251465,0.9147023359934489
163.0,1739285652.9432,DHCPV6,Unknown,Unknown,UDP,Unknown,836.0,836.0,511.0,16.0,Unknown,Unknown,1591.0,11.0,1.8811450004577637,
113.0,1739285653.014341,DATA,10.12.16.216,144.195.35.126,UDP,Unknown,836.0,836.0,511.0,16.0,Unknown,Unknown,3291.0,27.0,0.8046331405639648,
342.0,1739285653.566121,DHCP,0.0.0.0,255.255.255.255,UDP,Unknown,836.0,836.0,511.0,16.0,Unknown,Unknown,4606.0,13.0,3.1659719944000244,
342.0,1739285653.566205,DHCP,0.0.0.0,255.255.255.255,UDP,Unknown,836.0,836.0,511.0,16.0,Unknown,Unknown,4948.0,14.0,8.392333984375e-05,
132.0,1739285653.575338,TLS,10.12.16.216,144.195.35.126,TCP,0x0303,4167.0,836.0,508.0,24.0,Unknown,Unknown,5972.0,32.0,2.2971389293670654,0.17794884334911
56.0,1739285653.781625,TCP,144.195.35.126,10.12.16.216,TCP,Unknown,836.0,4245.0,16.0,16.0,Unknown,Unknown,2535.0,31.0,2.2554330825805664,1.1059333727909968
140.0,1739285653.781625,TLS,144.195.35.126,10.12.16.216,TCP,0x0303,836.0,4245.0,16.0,24.0,Unknown,Unknown,2675.0,32.0,0.0,1.1059333727909968
97.0,1739285653.781987,TLS,10.12.16.216,144.195.35.126,TCP,0x0303,4245.0,922.0,508.0,24.0,Unknown,Unknown,6069.0,33.0,0.2066490650177002,0.17794884334911
83.0,1739285653.855579,DNS,10.12.9.184,224.0.0.249,UDP,Unknown,836.0,836.0,511.0,16.0,Unknown,Unknown,83.0,1.0,0.1238868236541748,
565.0,1739285653.856917,DNS,10.12.9.184,224.0.0.249,UDP,Unknown,836.0,836.0,511.0,16.0,Unknown,Unknown,648.0,2.0,0.0013380050659179688,
84.0,1739285653.968913,TLS,10.12.16.216,134.224.240.215,TCP,0x0303,232.0,210.0,508.0,24.0,Unknown,Unknown,423.0,3.0,14.773372173309326,0.2149498462677002
113.0,1739285654.028249,DATA,10.12.16.216,144.195.35.126,UDP,Unknown,836.0,836.0,511.0,16.0,Unknown,Unknown,3404.0,28.0,1.0139079093933105,
56.0,1739285654.029015,TCP,144.195.35.126,10.12.16.216,TCP,Unknown,922.0,4288.0,16.0,16.0,Unknown,Unknown,2731.0,33.0,0.2473900318145752,1.0446088484355383
56.0,1739285654.163017,TCP,134.224.240.215,10.12.16.216,TCP,Unknown,210.0,262.0,9.0,16.0,Unknown,Unknown,319.0,2.0,15.023208141326904,15.023208141326904
92.0,1739285654.817593,TLS,10.12.16.216,144.195.35.126,TCP,0x0303,4288.0,922.0,508.0,24.0,Unknown,Unknown,6161.0,34.0,1.0356061458587646,0.17794884334911
342.0,1739285654.837725,DHCP,0.0.0.0,255.255.255.255,UDP,Unknown,836.0,836.0,511.0,16.0,Unknown,Unknown,5290.0,15.0,1.2715198993682861,
342.0,1739285654.837795,DHCP,0.0.0.0,255.255.255.255,UDP,Unknown,836.0,836.0,511.0,16.0,Unknown,Unknown,5632.0,16.0,7.009506225585938e-05,
56.0,1739285654.859708,TCP,170.114.52.4,10.12.16.216,TCP,Unknown,1.0,1.0,10.0,16.0,Unknown,Unknown,112.0,2.0,15.361955165863037,15.361955165863037
54.0,1739285654.859772,TCP,10.12.16.216,170.114.52.4,TCP,Unknown,1.0,2.0,512.0,16.0,Unknown,Unknown,108.0,2.0,15.361979961395264,15.361979961395264
56.0,1739285655.023612,TCP,144.195.35.126,10.12.16.216,TCP,Unknown,922.0,4326.0,16.0,16.0,Unknown,Unknown,2787.0,34.0,0.9945969581604004,1.0412747224171957
92.0,1739285655.023612,TLS,144.195.35.126,10.12.16.216,TCP,0x0303,922.0,4326.0,16.0,24.0,Unknown,Unknown,2879.0,35.0,0.0,1.0412747224171957
103.0,1739285655.032177,TLS,144.195.35.126,10.12.16.216,TCP,0x0303,960.0,4326.0,16.0,24.0,Unknown,Unknown,2982.0,36.0,0.008564949035644531,1.0412747224171957
54.0,1739285655.032244,TCP,10.12.16.216,144.195.35.126,TCP,Unknown,4326.0,1009.0,508.0,16.0,Unknown,Unknown,6215.0,35.0,0.21465086936950684,0.1810073455174764
121.0,1739285655.032459,TLS,10.12.16.216,144.195.35.126,TCP,0x0303,4326.0,1009.0,508.0,24.0,Unknown,Unknown,6336.0,36.0,0.00021505355834960938,0.1810073455174764
113.0,1739285655.093421,DATA,10.12.16.216,144.195.35.126,UDP,Unknown,836.0,836.0,511.0,16.0,Unknown,Unknown,3517.0,29.0,1.0651719570159912,
214.0,1739285655.186205,DATA,10.12.10.127,255.255.255.255,UDP,Unknown,836.0,836.0,511.0,16.0,Unknown,Unknown,856.0,4.0,5.005925893783569,
56.0,1739285655.285817,TCP,144.195.35.126,10.12.16.216,TCP,Unknown,1009.0,4393.0,16.0,16.0,Unknown,Unknown,3038.0,37.0,0.25363993644714355,0.9920475482940674
85.0,1739285655.304419,MDNS,10.12.27.147,224.0.0.251,UDP,Unknown,836.0,836.0,511.0,16.0,Unknown,Unknown,85.0,1.0,0.1238868236541748,
246.0,1739285655.535058,DATA,10.12.1.35,255.255.255.255,UDP,Unknown,836.0,836.0,511.0,16.0,Unknown,Unknown,1230.0,5.0,4.995502948760986,
342.0,1739285655.55003,DHCP,0.0.0.0,255.255.255.255,UDP,Unknown,836.0,836.0,511.0,16.0,Unknown,Unknown,5974.0,17.0,0.7122349739074707,
342.0,1739285655.550085,DHCP,0.0.0.0,255.255.255.255,UDP,Unknown,836.0,836.0,511.0,16.0,Unknown,Unknown,6316.0,18.0,5.507469177246094e-05,
123.0,1739285655.600376,DATA,10.12.16.216,144.195.35.126,UDP,Unknown,836.0,836.0,511.0,16.0,Unknown,Unknown,1493.0,11.0,3.5548818111419678,
123.0,1739285655.759809,DATA,10.12.16.216,144.195.35.126,UDP,Unknown,836.0,836.0,511.0,16.0,Unknown,Unknown,3640.0,30.0,0.6663880348205566,
123.0,1739285655.759864,DATA,10.12.16.216,144.195.35.126,UDP,Unknown,836.0,836.0,511.0,16.0,Unknown,Unknown,1493.0,11.0,3.5454280376434326,
133.0,1739285655.791021,DATA,144.195.35.126,10.12.16.216,UDP,Unknown,836.0,836.0,511.0,16.0,Unknown,Unknown,1413.0,11.0,3.7457380294799805,
151.0,1739285655.791205,WG,10.12.16.216,144.195.35.126,UDP,Unknown,836.0,836.0,511.0,16.0,Unknown,Unknown,1644.0,12.0,0.19082903861999512,
123.0,1739285655.799679,WG,144.195.35.126,10.12.16.216,UDP,Unknown,836.0,836.0,511.0,16.0,Unknown,Unknown,1536.0,12.0,0.00865793228149414,
342.0,1739285655.86056,DHCP,0.0.0.0,255.255.255.255,UDP,Unknown,836.0,836.0,511.0,16.0,Unknown,Unknown,6658.0,19.0,0.31047487258911133,
342.0,1739285655.860611,DHCP,0.0.0.0,255.255.255.255,UDP,Unknown,836.0,836.0,511.0,16.0,Unknown,Unknown,7000.0,20.0,5.1021575927734375e-05,
133.0,1739285655.954399,DATA,144.195.35.126,10.12.16.216,UDP,Unknown,836.0,836.0,511.0,16.0,Unknown,Unknown,1413.0,11.0,3.7448651790618896,
151.0,1739285655.954597,WG,10.12.16.216,144.195.35.126,UDP,Unknown,836.0,836.0,511.0,16.0,Unknown,Unknown,3791.0,31.0,0.19478797912597656,
133.0,1739285655.95922,DATA,144.195.35.126,10.12.16.216,UDP,Unknown,836.0,836.0,511.0,16.0,Unknown,Unknown,1413.0,11.0,3.745041847229004,
123.0,1739285655.95922,WG,144.195.35.126,10.12.16.216,UDP,Unknown,836.0,836.0,511.0,16.0,Unknown,Unknown,1536.0,12.0,0.004820823669433594,
151.0,1739285655.959424,WG,10.12.16.216,144.195.35.126,UDP,Unknown,836.0,836.0,511.0,16.0,Unknown,Unknown,1644.0,12.0,0.19955992698669434,
123.0,1739285655.964193,WG,144.195.35.126,10.12.16.216,UDP,Unknown,836.0,836.0,511.0,16.0,Unknown,Unknown,1536.0,12.0,0.004973173141479492,
92.0,1739285655.964497,TLS,10.12.16.216,144.195.35.126,TCP,0x0303,526.0,436.0,511.0,24.0,Unknown,Unknown,1427.0,16.0,3.5492911338806152,0.14200439453125
113.0,1739285656.108473,DATA,10.12.16.216,144.195.35.126,UDP,Unknown,836.0,836.0,511.0,16.0,Unknown,Unknown,3904.0,32.0,0.15387606620788574,
56.0,1739285656.1642,TCP,144.195.35.126,10.12.16.216,TCP,Unknown,436.0,564.0,11.0,16.0,Unknown,Unknown,1591.0,21.0,3.5091540813446045,1.1741475105285644
92.0,1739285656.1642,TLS,144.195.35.126,10.12.16.216,TCP,0x0303,436.0,564.0,11.0,24.0,Unknown,Unknown,1683.0,22.0,0.0,1.1741475105285644
103.0,1739285656.168818,TLS,144.195.35.126,10.12.16.216,TCP,0x0303,474.0,564.0,11.0,24.0,Unknown,Unknown,1786.0,23.0,0.004617929458618164,1.1741475105285644
54.0,1739285656.16887,TCP,10.12.16.216,144.195.35.126,TCP,Unknown,564.0,523.0,511.0,16.0,Unknown,Unknown,1481.0,17.0,0.20437288284301758,0.15239914258321127
121.0,1739285656.169028,TLS,10.12.16.216,144.195.35.126,TCP,0x0303,564.0,523.0,511.0,24.0,Unknown,Unknown,1602.0,18.0,0.00015807151794433594,0.15239914258321127
85.0,1739285656.318775,MDNS,10.12.27.147,224.0.0.251,UDP,Unknown,836.0,836.0,511.0,16.0,Unknown,Unknown,170.0,2.0,1.0143558979034424,
56.0,1739285656.411682,TCP,144.195.35.126,10.12.16.216,TCP,Unknown,523.0,631.0,11.0,16.0,Unknown,Unknown,1842.0,24.0,0.24286389350891113,1.0894853635267778
342.0,1739285656.833788,DHCP,0.0.0.0,255.255.255.255,UDP,Unknown,836.0,836.0,511.0,16.0,Unknown,Unknown,7342.0,21.0,0.9731769561767578,
342.0,1739285656.83383,DHCP,0.0.0.0,255.255.255.255,UDP,Unknown,836.0,836.0,511.0,16.0,Unknown,Unknown,7684.0,22.0,4.220008850097656e-05,
342.0,1739285656.996318,DHCP,0.0.0.0,255.255.255.255,UDP,Unknown,836.0,836.0,511.0,16.0,Unknown,Unknown,8026.0,23.0,0.16248798370361328,
342.0,1739285656.996393,DHCP,0.0.0.0,255.255.255.255,UDP,Unknown,836.0,836.0,511.0,16.0,Unknown,Unknown,8368.0,24.0,7.486343383789062e-05,
791.0,1739285657.014681,TLS,10.12.16.216,144.195.35.126,TCP,0x0303,4393.0,1009.0,508.0,24.0,Unknown,Unknown,7127.0,37.0,1.982222080230713,0.1810073455174764
113.0,1739285657.114707,DATA,10.12.16.216,144.195.35.126,UDP,Unknown,836.0,836.0,511.0,16.0,Unknown,Unknown,4017.0,33.0,1.0062339305877686,
56.0,1739285657.22213,TCP,144.195.35.126,10.12.16.216,TCP,Unknown,1009.0,5130.0,16.0,16.0,Unknown,Unknown,3094.0,38.0,1.9363131523132324,1.0475925838246065
104.0,1739285657.231775,TLS,144.195.35.126,10.12.16.216,TCP,0x0303,1009.0,5130.0,16.0,24.0,Unknown,Unknown,3198.0,39.0,0.00964498519897461,1.0475925838246065
54.0,1739285657.277676,TCP,10.12.16.216,144.195.35.126,TCP,Unknown,5130.0,1059.0,507.0,16.0,Unknown,Unknown,7181.0,38.0,0.26299500465393066,0.18731408852797288
342.0,1739285657.848085,DHCP,0.0.0.0,255.255.255.255,UDP,Unknown,836.0,836.0,511.0,16.0,Unknown,Unknown,8710.0,25.0,0.8516919612884521,
342.0,1739285657.848144,DHCP,0.0.0.0,255.255.255.255,UDP,Unknown,836.0,836.0,511.0,16.0,Unknown,Unknown,9052.0,26.0,5.91278076171875e-05,
113.0,1739285658.134754,DATA,10.12.16.216,144.195.35.126,UDP,Unknown,836.0,836.0,511.0,16.0,Unknown,Unknown,4130.0,34.0,1.0200469493865967,
92.0,1739285658.564957,TLS,10.12.16.216,144.195.35.126,TCP,0x0303,5130.0,1059.0,507.0,24.0,Unknown,Unknown,7273.0,39.0,1.287280797958374,0.18731408852797288
92.0,1739285658.771234,TLS,144.195.35.126,10.12.16.216,TCP,0x0303,1059.0,5168.0,16.0,24.0,Unknown,Unknown,3290.0,40.0,1.539458990097046,1.0475925838246065
103.0,1739285658.782956,TLS,144.195.35.126,10.12.16.216,TCP,0x0303,1097.0,5168.0,16.0,24.0,Unknown,Unknown,3393.0,41.0,0.01172184944152832,1.0475925838246065
54.0,1739285658.783021,TCP,10.12.16.216,144.195.35.126,TCP,Unknown,5168.0,1146.0,507.0,16.0,Unknown,Unknown,7327.0,40.0,0.2180640697479248,0.18951051575796946
121.0,1739285658.783185,TLS,10.12.16.216,144.195.35.126,TCP,0x0303,5168.0,1146.0,507.0,24.0,Unknown,Unknown,7448.0,41.0,0.000164031982421875,0.18951051575796946
56.0,1739285659.030336,TCP,144.195.35.126,10.12.16.216,TCP,Unknown,1146.0,5235.0,16.0,16.0,Unknown,Unknown,3449.0,42.0,0.24738001823425293,1.003136330180698
56.0,1739285659.115212,TCP,170.114.52.22,10.12.16.216,TCP,Unknown,1.0,1.0,9.0,16.0,Unknown,Unknown,112.0,2.0,15.35958194732666,15.35958194732666
54.0,1739285659.11531,TCP,10.12.16.216,170.114.52.22,TCP,Unknown,1.0,2.0,512.0,16.0,Unknown,Unknown,108.0,2.0,15.359657049179077,15.359657049179077
113.0,1739285659.148825,DATA,10.12.16.216,144.195.35.126,UDP,Unknown,836.0,836.0,511.0,16.0,Unknown,Unknown,4243.0,35.0,1.014070987701416,
92.0,1739285659.277107,NBNS,10.12.16.216,10.12.31.255,UDP,Unknown,836.0,836.0,511.0,16.0,Unknown,Unknown,92.0,1.0,0.1238868236541748,
56.0,1739285659.283246,TCP,170.114.52.4,10.12.16.216,TCP,Unknown,1.0,1.0,10.0,16.0,Unknown,Unknown,112.0,2.0,15.359293937683105,15.359293937683105
54.0,1739285659.28329,TCP,10.12.16.216,170.114.52.4,TCP,Unknown,1.0,2.0,512.0,16.0,Unknown,Unknown,108.0,2.0,15.359301805496216,15.359301805496216
56.0,1739285659.317239,TCP,170.114.52.4,10.12.16.216,TCP,Unknown,1.0,1.0,10.0,16.0,Unknown,Unknown,112.0,2.0,15.361413955688477,15.361413955688477
54.0,1739285659.317322,TCP,10.12.16.216,170.114.52.4,TCP,Unknown,1.0,2.0,512.0,16.0,Unknown,Unknown,108.0,2.0,15.361459970474243,15.361459970474243
123.0,1739285659.346205,DATA,10.12.16.216,144.195.35.126,UDP,Unknown,836.0,836.0,511.0,16.0,Unknown,Unknown,1767.0,13.0,3.555000066757202,
123.0,1739285659.507773,DATA,10.12.16.216,144.195.35.126,UDP,Unknown,836.0,836.0,511.0,16.0,Unknown,Unknown,4366.0,36.0,0.3589479923248291,
123.0,1739285659.50782,DATA,10.12.16.216,144.195.35.126,UDP,Unknown,836.0,836.0,511.0,16.0,Unknown,Unknown,1767.0,13.0,3.548395872116089,
56.0,1739285659.509814,TCP,170.114.52.4,10.12.16.216,TCP,Unknown,1.0,1.0,9.0,16.0,Unknown,Unknown,112.0,2.0,15.360280990600586,15.360280990600586
54.0,1739285659.509868,TCP,10.12.16.216,170.114.52.4,TCP,Unknown,1.0,2.0,507.0,16.0,Unknown,Unknown,108.0,2.0,15.360278844833374,15.360278844833374
133.0,1739285659.543101,DATA,144.195.35.126,10.12.16.216,UDP,Unknown,836.0,836.0,511.0,16.0,Unknown,Unknown,1669.0,13.0,3.743422031402588,
151.0,1739285659.543394,WG,10.12.16.216,144.195.35.126,UDP,Unknown,836.0,836.0,511.0,16.0,Unknown,Unknown,1918.0,14.0,0.1971890926361084,
123.0,1739285659.546212,WG,144.195.35.126,10.12.16.216,UDP,Unknown,836.0,836.0,511.0,16.0,Unknown,Unknown,1792.0,14.0,0.0031108856201171875,
133.0,1739285659.706782,DATA,144.195.35.126,10.12.16.216,UDP,Unknown,836.0,836.0,511.0,16.0,Unknown,Unknown,1669.0,13.0,3.7475621700286865,
151.0,1739285659.706971,WG,10.12.16.216,144.195.35.126,UDP,Unknown,836.0,836.0,511.0,16.0,Unknown,Unknown,4517.0,37.0,0.19919800758361816,
123.0,1739285659.707644,WG,144.195.35.126,10.12.16.216,UDP,Unknown,836.0,836.0,511.0,16.0,Unknown,Unknown,1792.0,14.0,0.0008618831634521484,
133.0,1739285659.711651,DATA,144.195.35.126,10.12.16.216,UDP,Unknown,836.0,836.0,511.0,16.0,Unknown,Unknown,1669.0,13.0,3.747457981109619,
151.0,1739285659.71187,WG,10.12.16.216,144.195.35.126,UDP,Unknown,836.0,836.0,511.0,16.0,Unknown,Unknown,1918.0,14.0,0.20405006408691406,
92.0,1739285659.711945,TLS,10.12.16.216,144.195.35.126,TCP,0x0303,631.0,523.0,511.0,24.0,Unknown,Unknown,1694.0,19.0,3.542917013168335,0.15239914258321127
123.0,1739285659.712234,WG,144.195.35.126,10.12.16.216,UDP,Unknown,836.0,836.0,511.0,16.0,Unknown,Unknown,1792.0,14.0,0.0005829334259033203,
103.0,1739285659.911161,TLS,144.195.35.126,10.12.16.216,TCP,0x0303,523.0,631.0,11.0,24.0,Unknown,Unknown,1945.0,25.0,3.499479055404663,1.0894853635267778
56.0,1739285659.911161,TCP,144.195.35.126,10.12.16.216,TCP,Unknown,572.0,669.0,11.0,16.0,Unknown,Unknown,2001.0,26.0,0.0,0.998694916566213
92.0,1739285659.911161,TLS,144.195.35.126,10.12.16.216,TCP,0x0303,572.0,669.0,11.0,24.0,Unknown,Unknown,2093.0,27.0,0.0,0.998694916566213
54.0,1739285659.911236,TCP,10.12.16.216,144.195.35.126,TCP,Unknown,669.0,610.0,510.0,16.0,Unknown,Unknown,1748.0,20.0,0.19929099082946777,0.15909797804696219
121.0,1739285659.911423,TLS,10.12.16.216,144.195.35.126,TCP,0x0303,669.0,610.0,510.0,24.0,Unknown,Unknown,1869.0,21.0,0.000186920166015625,0.15909797804696219
92.0,1739285660.036089,NBNS,10.12.16.216,10.12.31.255,UDP,Unknown,836.0,836.0,511.0,16.0,Unknown,Unknown,184.0,2.0,0.7589819431304932,
56.0,1739285660.155787,TCP,144.195.35.126,10.12.16.216,TCP,Unknown,610.0,736.0,11.0,16.0,Unknown,Unknown,2149.0,28.0,0.24462604522705078,0.9406896187708929
342.0,1739285660.182248,DHCP,0.0.0.0,255.255.255.255,UDP,Unknown,836.0,836.0,511.0,16.0,Unknown,Unknown,9394.0,27.0,2.334104061126709,
342.0,1739285660.182945,DHCP,0.0.0.0,255.255.255.255,UDP,Unknown,836.0,836.0,511.0,16.0,Unknown,Unknown,9736.0,28.0,0.0006968975067138672,
214.0,1739285660.192493,DATA,10.12.10.127,255.255.255.255,UDP,Unknown,836.0,836.0,511.0,16.0,Unknown,Unknown,1070.0,5.0,5.006288051605225,
342.0,1739285660.19252,DHCP,0.0.0.0,255.255.255.255,UDP,Unknown,836.0,836.0,511.0,16.0,Unknown,Unknown,10078.0,29.0,0.00957489013671875,
342.0,1739285660.193335,DHCP,0.0.0.0,255.255.255.255,UDP,Unknown,836.0,836.0,511.0,16.0,Unknown,Unknown,10420.0,30.0,0.0008151531219482422,
113.0,1739285660.234243,DATA,10.12.16.216,144.195.35.126,UDP,Unknown,836.0,836.0,511.0,16.0,Unknown,Unknown,4630.0,38.0,0.5272719860076904,
346.0,1739285660.410816,DHCP,0.0.0.0,255.255.255.255,UDP,Unknown,836.0,836.0,511.0,16.0,Unknown,Unknown,10766.0,31.0,0.21748089790344238,
346.0,1739285660.410882,DHCP,0.0.0.0,255.255.255.255,UDP,Unknown,836.0,836.0,511.0,16.0,Unknown,Unknown,11112.0,32.0,6.604194641113281e-05,
356.0,1739285660.435569,DHCP,0.0.0.0,255.255.255.255,UDP,Unknown,836.0,836.0,511.0,16.0,Unknown,Unknown,11468.0,33.0,0.02468705177307129,
356.0,1739285660.43561,DHCP,0.0.0.0,255.255.255.255,UDP,Unknown,836.0,836.0,511.0,16.0,Unknown,Unknown,11824.0,34.0,4.100799560546875e-05,
246.0,1739285660.538607,DATA,10.12.1.35,255.255.255.255,UDP,Unknown,836.0,836.0,511.0,16.0,Unknown,Unknown,1476.0,6.0,5.003548860549927,
342.0,1739285660.565201,DHCP,0.0.0.0,255.255.255.255,UDP,Unknown,836.0,836.0,511.0,16.0,Unknown,Unknown,12166.0,35.0,0.1295909881591797,
342.0,1739285660.565296,DHCP,0.0.0.0,255.255.255.255,UDP,Unknown,836.0,836.0,511.0,16.0,Unknown,Unknown,12508.0,36.0,9.489059448242188e-05,
342.0,1739285660.597752,DHCP,0.0.0.0,255.255.255.255,UDP,Unknown,836.0,836.0,511.0,16.0,Unknown,Unknown,12850.0,37.0,0.032456159591674805,
342.0,1739285660.597852,DHCP,0.0.0.0,255.255.255.255,UDP,Unknown,836.0,836.0,511.0,16.0,Unknown,Unknown,13192.0,38.0,9.989738464355469e-05,
92.0,1739285660.796584,NBNS,10.12.16.216,10.12.31.255,UDP,Unknown,836.0,836.0,511.0,16.0,Unknown,Unknown,276.0,3.0,0.7604949474334717,
245.0,1739285660.984343,MDNS,10.12.11.205,224.0.0.251,UDP,Unknown,836.0,836.0,511.0,16.0,Unknown,Unknown,245.0,1.0,0.1238868236541748,
425.0,1739285660.987085,MDNS,10.12.14.238,224.0.0.251,UDP,Unknown,836.0,836.0,511.0,16.0,Unknown,Unknown,425.0,1.0,0.1238868236541748,
473.0,1739285660.988607,MDNS,10.12.14.238,224.0.0.251,UDP,Unknown,836.0,836.0,511.0,16.0,Unknown,Unknown,898.0,2.0,0.0015218257904052734,
440.0,1739285660.989136,MDNS,10.12.14.238,224.0.0.251,UDP,Unknown,836.0,836.0,511.0,16.0,Unknown,Unknown,1338.0,3.0,0.0005290508270263672,
190.0,1739285660.989958,MDNS,10.12.14.238,224.0.0.251,UDP,Unknown,836.0,836.0,511.0,16.0,Unknown,Unknown,1528.0,4.0,0.0008220672607421875,
407.0,1739285660.993704,MDNS,10.12.2.20,224.0.0.251,UDP,Unknown,836.0,836.0,511.0,16.0,Unknown,Unknown,407.0,1.0,0.1238868236541748,
422.0,1739285661.000503,MDNS,10.12.2.20,224.0.0.251,UDP,Unknown,836.0,836.0,511.0,16.0,Unknown,Unknown,829.0,2.0,0.006798982620239258,
189.0,1739285661.003628,MDNS,10.12.2.20,224.0.0.251,UDP,Unknown,836.0,836.0,511.0,16.0,Unknown,Unknown,1018.0,3.0,0.0031249523162841797,
364.0,1739285661.137554,DHCP,0.0.0.0,255.255.255.255,UDP,Unknown,836.0,836.0,511.0,16.0,Unknown,Unknown,13556.0,39.0,0.5397019386291504,
364.0,1739285661.137623,DHCP,0.0.0.0,255.255.255.255,UDP,Unknown,836.0,836.0,511.0,16.0,Unknown,Unknown,13920.0,40.0,6.914138793945312e-05,
113.0,1739285661.334535,DATA,10.12.16.216,144.195.35.126,UDP,Unknown,836.0,836.0,511.0,16.0,Unknown,Unknown,4743.0,39.0,1.1002919673919678,
56.0,1739285661.378381,TCP,170.114.52.83,10.12.16.216,TCP,Unknown,1.0,1.0,9.0,16.0,Unknown,Unknown,112.0,2.0,15.35931396484375,15.35931396484375
54.0,1739285661.378421,TCP,10.12.16.216,170.114.52.83,TCP,Unknown,1.0,2.0,506.0,16.0,Unknown,Unknown,108.0,2.0,15.359300136566162,15.359300136566162
